Country,Current_Weather,Current_Temperature(F),Date
Benin,Thunderstorms. Passing clouds.,81,2023-04-04
Burkina-Faso,Scattered clouds.,88,2023-04-04
Cote-Divoire,Passing clouds.,77,2023-04-04
Cape-Verde,Passing clouds.,73,2023-04-04
Gambia,Clear.,75,2023-04-04
Ghana,Passing clouds.,81,2023-04-04
Guinea,Passing clouds.,82,2023-04-04
Guinea-Bissau,Clear.,73,2023-04-04
Liberia,Passing clouds.,75,2023-04-04
Mali,Clear.,77,2023-04-04
Mauritania,Clear.,77,2023-04-04
Niger,Clear.,82,2023-04-04
Nigeria,Overcast.,84,2023-04-04
Senegal,Fog.,73,2023-04-04
Sierra-Leone,Passing clouds.,79,2023-04-04
Togo,Thunderstorms. Passing clouds.,77,2023-04-04
Benin,Passing clouds.,82,2023-04-06
Burkina-Faso,Scattered clouds.,88,2023-04-06
Cote-Divoire,Thunderstorms. Overcast.,81,2023-04-06
Cape-Verde,Passing clouds.,70,2023-04-06
Gambia,Clear.,72,2023-04-06
Ghana,Passing clouds.,82,2023-04-06
Guinea,Clear.,79,2023-04-06
Guinea-Bissau,Clear.,73,2023-04-06
Liberia,Passing clouds.,77,2023-04-06
Mali,Clear.,82,2023-04-06
Mauritania,Clear.,77,2023-04-06
Niger,Clear.,91,2023-04-06
Nigeria,Overcast.,81,2023-04-06
Senegal,Clear.,72,2023-04-06
Sierra-Leone,Clear.,79,2023-04-06
Togo,Passing clouds.,82,2023-04-06
Benin,Scattered clouds.,90,2023-04-07
Burkina-Faso,Passing clouds.,85,2023-04-07
Cote-Divoire,Overcast.,91,2023-04-07
Cape-Verde,Passing clouds.,80,2023-04-07
Gambia,Sunny.,93,2023-04-07
Ghana,Passing clouds.,88,2023-04-07
Guinea,Scattered clouds.,90,2023-04-07
Guinea-Bissau,Clear.,97,2023-04-07
Liberia,Thunderstorms. Partly sunny.,82,2023-04-07
Mali,Passing clouds.,100,2023-04-07
Mauritania,Sunny.,91,2023-04-07
Niger,Sunny.,108,2023-04-07
Nigeria,Overcast.,96,2023-04-07
Senegal,Sunny.,77,2023-04-07
Sierra-Leone,Passing clouds.,84,2023-04-07
Togo,Passing clouds.,90,2023-04-07
Benin,Scattered clouds.,90,2023-04-08
Burkina-Faso,Partly sunny.,92,2023-04-08
Cote-Divoire,Thunderstorms. Passing clouds.,79,2023-04-08
Cape-Verde,Passing clouds.,71,2023-04-08
Gambia,Sunny.,82,2023-04-08
Ghana,Scattered clouds.,88,2023-04-08
Guinea,Sunny.,88,2023-04-08
Guinea-Bissau,Clear.,88,2023-04-08
Liberia,Partly sunny.,86,2023-04-08
Mali,Sunny.,93,2023-04-08
Mauritania,Sunny.,82,2023-04-08
Niger,Clear.,102,2023-04-08
Nigeria,Overcast.,89,2023-04-08
Senegal,Passing clouds.,75,2023-04-08
Sierra-Leone,Clear.,82,2023-04-08
Togo,Passing clouds.,90,2023-04-08
Benin,Passing clouds.,88,2023-04-09
Burkina-Faso,Partly sunny.,86,2023-04-09
Cape-Verde,Passing clouds.,70,2023-04-09
Cote-Divoire,Overcast.,81,2023-04-09
Gambia,Sunny.,84,2023-04-09
Ghana,Passing clouds.,82,2023-04-09
Guinea,Passing clouds.,86,2023-04-09
Guinea-Bissau,Passing clouds.,86,2023-04-09
Liberia,Thunderstorms. Partly sunny.,86,2023-04-09
Mali,Passing clouds.,95,2023-04-09
Mauritania,Sunny.,82,2023-04-09
Niger,Sunny.,99,2023-04-09
Nigeria,Overcast.,82,2023-04-09
Senegal,Sunny.,75,2023-04-09
Sierra-Leone,Partly sunny.,81,2023-04-09
Togo,Passing clouds.,81,2023-04-09
Benin,Scattered clouds.,90,2023-04-10
Burkina-Faso,Scattered clouds.,88,2023-04-10
Cape-Verde,Scattered clouds.,76,2023-04-10
Cote-Divoire,Overcast.,78,2023-04-10
Gambia,Sunny.,82,2023-04-10
Ghana,Partly sunny.,88,2023-04-10
Guinea,Partly sunny.,86,2023-04-10
Guinea-Bissau,Clear.,91,2023-04-10
Liberia,Partly sunny.,90,2023-04-10
Mali,Passing clouds.,97,2023-04-10
Mauritania,Sunny.,82,2023-04-10
Niger,Clear.,102,2023-04-10
Nigeria,Overcast.,83,2023-04-10
Senegal,Scattered clouds.,73,2023-04-10
Sierra-Leone,Scattered clouds.,84,2023-04-10
Togo,Passing clouds.,90,2023-04-10
Benin,Scattered clouds.,90,2023-04-11
Burkina-Faso,Overcast.,86,2023-04-11
Cape-Verde,Passing clouds.,69,2023-04-11
Cote-Divoire,Partly sunny.,83,2023-04-11
Gambia,Sunny.,88,2023-04-11
Ghana,Scattered clouds.,88,2023-04-11
Guinea,Passing clouds.,88,2023-04-11
Guinea-Bissau,Clear.,90,2023-04-11
Liberia,Partly sunny.,90,2023-04-11
Mali,Clear.,97,2023-04-11
Mauritania,Sunny.,75,2023-04-11
Niger,Low level haze.,102,2023-04-11
Nigeria,Overcast.,83,2023-04-11
Senegal,Partly sunny.,72,2023-04-11
Sierra-Leone,Passing clouds.,84,2023-04-11
Togo,Scattered clouds.,90,2023-04-11
Benin,Scattered clouds.,90,2023-04-12
Burkina-Faso,Scattered clouds.,85,2023-04-12
Cape-Verde,Passing clouds.,69,2023-04-12
Cote-Divoire,Overcast.,82,2023-04-12
Gambia,Sunny.,88,2023-04-12
Ghana,Hot.,90,2023-04-12
Guinea,Scattered clouds.,88,2023-04-12
Guinea-Bissau,Clear.,93,2023-04-12
Liberia,Partly sunny.,76,2023-04-12
Mali,Passing clouds.,97,2023-04-12
Mauritania,Sunny.,86,2023-04-12
Niger,Low level haze.,104,2023-04-12
Nigeria,Overcast.,87,2023-04-12
Senegal,Passing clouds.,75,2023-04-12
Sierra-Leone,Scattered clouds.,88,2023-04-12
Togo,Passing clouds.,86,2023-04-12
Benin,Scattered clouds.,91,2023-04-13
Burkina-Faso,Scattered clouds.,86,2023-04-13
Cape-Verde,Passing clouds.,79,2023-04-13
Cote-Divoire,Scattered clouds.,83,2023-04-13
Gambia,Sunny.,84,2023-04-13
Ghana,Scattered clouds.,90,2023-04-13
Guinea,Passing clouds.,86,2023-04-13
Guinea-Bissau,Clear.,88,2023-04-13
Liberia,Overcast.,78,2023-04-13
Mali,Passing clouds.,97,2023-04-13
Mauritania,Sunny.,82,2023-04-13
Niger,Clear.,102,2023-04-13
Nigeria,Overcast.,89,2023-04-13
Senegal,Sunny.,75,2023-04-13
Sierra-Leone,Partly sunny.,82,2023-04-13
Togo,Scattered clouds.,90,2023-04-13
Benin,Scattered clouds.,90,2023-04-14
Burkina-Faso,Scattered clouds.,87,2023-04-14
Cape-Verde,Scattered clouds.,84,2023-04-14
Cote-Divoire,Overcast.,76,2023-04-14
Gambia,Sunny.,100,2023-04-14
Ghana,Sunny.,88,2023-04-14
Guinea,Passing clouds.,86,2023-04-14
Guinea-Bissau,Clear.,93,2023-04-14
Liberia,Fog.,77,2023-04-14
Mali,Passing clouds.,100,2023-04-14
Mauritania,Sunny.,97,2023-04-14
Niger,Clear.,99,2023-04-14
Nigeria,Overcast.,89,2023-04-14
Senegal,Sunny.,79,2023-04-14
Sierra-Leone,Scattered clouds.,81,2023-04-14
Togo,Passing clouds.,91,2023-04-14
Benin,Partly sunny.,91,2023-04-15
Burkina-Faso,Overcast.,86,2023-04-15
Cape-Verde,Passing clouds.,80,2023-04-15
Cote-Divoire,Scattered clouds.,82,2023-04-15
Gambia,Sunny.,93,2023-04-15
Ghana,Scattered clouds.,88,2023-04-15
Guinea,Sunny.,88,2023-04-15
Guinea-Bissau,Clear.,91,2023-04-15
Liberia,Overcast.,78,2023-04-15
Mali,Passing clouds.,95,2023-04-15
Mauritania,Sunny.,100,2023-04-15
Niger,Duststorm.,106,2023-04-15
Nigeria,Overcast.,90,2023-04-15
Senegal,Sunny.,79,2023-04-15
Sierra-Leone,Partly sunny.,84,2023-04-15
Togo,Scattered clouds.,91,2023-04-15
Benin,Passing clouds.,88,2023-04-16
Burkina-Faso,Partly sunny.,87,2023-04-16
Cape-Verde,Passing clouds.,80,2023-04-16
Cote-Divoire,Overcast.,81,2023-04-16
Gambia,Clear.,91,2023-04-16
Ghana,Passing clouds.,90,2023-04-16
Guinea,Sunny.,90,2023-04-16
Guinea-Bissau,Clear.,91,2023-04-16
Liberia,Overcast.,75,2023-04-16
Mali,Passing clouds.,97,2023-04-16
Mauritania,Sunny.,99,2023-04-16
Niger,Sunny.,104,2023-04-16
Nigeria,Overcast.,85,2023-04-16
Senegal,Sunny.,79,2023-04-16
Sierra-Leone,Scattered clouds.,82,2023-04-16
Togo,Passing clouds.,90,2023-04-16
Benin,Passing clouds.,88,2023-04-17
Burkina-Faso,Partly sunny.,86,2023-04-17
Cape-Verde,Clear.,73,2023-04-17
Cote-Divoire,Overcast.,78,2023-04-17
Gambia,Sunny.,95,2023-04-17
Ghana,Passing clouds.,84,2023-04-17
Guinea,Passing clouds.,88,2023-04-17
Guinea-Bissau,Clear.,88,2023-04-17
Liberia,Partly sunny.,88,2023-04-17
Mali,Passing clouds.,100,2023-04-17
Mauritania,Sunny.,95,2023-04-17
Niger,Clear.,100,2023-04-17
Nigeria,Overcast.,81,2023-04-17
Senegal,Sunny.,73,2023-04-17
Sierra-Leone,Scattered clouds.,81,2023-04-17
Togo,Passing clouds.,86,2023-04-17
Benin,Scattered clouds.,91,2023-04-18
Burkina-Faso,Passing clouds.,91,2023-04-18
Cape-Verde,Passing clouds.,72,2023-04-18
Cote-Divoire,Partly sunny.,82,2023-04-18
Gambia,Sunny.,91,2023-04-18
Ghana,Passing clouds.,88,2023-04-18
Guinea,Partly sunny.,88,2023-04-18
Guinea-Bissau,Clear.,91,2023-04-18
Liberia,Scattered clouds.,90,2023-04-18
Mali,Passing clouds.,100,2023-04-18
Mauritania,Sunny.,86,2023-04-18
Niger,Sunny.,106,2023-04-18
Nigeria,Overcast.,84,2023-04-18
Senegal,Sunny.,73,2023-04-18
Sierra-Leone,Partly sunny.,81,2023-04-18
Togo,Scattered clouds.,88,2023-04-18
Benin,Thunderstorms. Broken clouds.,73,2023-04-19
Burkina-Faso,Partly sunny.,88,2023-04-19
Cape-Verde,Passing clouds.,71,2023-04-19
Cote-Divoire,Partly sunny.,84,2023-04-19
Gambia,Sunny.,90,2023-04-19
Ghana,Passing clouds.,91,2023-04-19
Guinea,Partly sunny.,90,2023-04-19
Guinea-Bissau,Clear.,93,2023-04-19
Liberia,Partly sunny.,90,2023-04-19
Mali,Sunny.,99,2023-04-19
Mauritania,Sunny.,82,2023-04-19
Niger,Clear.,97,2023-04-19
Nigeria,Overcast.,85,2023-04-19
Senegal,Sunny.,68,2023-04-19
Sierra-Leone,Partly sunny.,81,2023-04-19
Togo,Scattered clouds.,90,2023-04-19
Benin,Scattered clouds.,90,2023-04-20
Burkina-Faso,Overcast.,83,2023-04-20
Cape-Verde,Passing clouds.,71,2023-04-20
Cote-Divoire,Partly sunny.,81,2023-04-20
Gambia,Sunny.,84,2023-04-20
Ghana,Partly sunny.,88,2023-04-20
Guinea,Scattered clouds.,90,2023-04-20
Guinea-Bissau,Clear.,91,2023-04-20
Liberia,Partly sunny.,84,2023-04-20
Mali,Passing clouds.,99,2023-04-20
Mauritania,Sunny.,88,2023-04-20
Niger,Sunny.,106,2023-04-20
Nigeria,Overcast.,85,2023-04-20
Senegal,Passing clouds.,73,2023-04-20
Sierra-Leone,Partly sunny.,82,2023-04-20
Togo,Passing clouds.,88,2023-04-20
Benin,Scattered clouds.,88,2023-04-21
Burkina-Faso,Scattered clouds.,89,2023-04-21
Cape-Verde,Overcast.,76,2023-04-21
Cote-Divoire,Partly sunny.,82,2023-04-21
Gambia,Sunny.,82,2023-04-21
Ghana,Sunny.,90,2023-04-21
Guinea,Partly sunny.,84,2023-04-21
Guinea-Bissau,Clear.,84,2023-04-21
Liberia,Partly sunny.,90,2023-04-21
Mali,Passing clouds.,99,2023-04-21
Mauritania,Sunny.,81,2023-04-21
Niger,Sunny.,100,2023-04-21
Nigeria,Overcast.,86,2023-04-21
Senegal,Scattered clouds.,73,2023-04-21
Sierra-Leone,Partly sunny.,77,2023-04-21
Togo,Passing clouds.,90,2023-04-21
Benin,Scattered clouds.,90,2023-04-22
Burkina-Faso,Scattered clouds.,91,2023-04-22
Cape-Verde,Passing clouds.,71,2023-04-22
Cote-Divoire,Partly sunny.,83,2023-04-22
Gambia,Sunny.,82,2023-04-22
Ghana,Partly sunny.,90,2023-04-22
Guinea,Passing clouds.,88,2023-04-22
Guinea-Bissau,Clear.,93,2023-04-22
Liberia,Partly sunny.,88,2023-04-22
Mali,Passing clouds.,100,2023-04-22
Mauritania,Partly sunny.,77,2023-04-22
Niger,Sunny.,104,2023-04-22
Nigeria,Overcast.,81,2023-04-22
Senegal,Passing clouds.,75,2023-04-22
Sierra-Leone,Passing clouds.,82,2023-04-22
Togo,Passing clouds.,90,2023-04-22
Benin,Thunderstorms. Scattered clouds.,88,2023-04-23
Burkina-Faso,Passing clouds.,89,2023-04-23
Cape-Verde,Scattered clouds.,76,2023-04-23
Cote-Divoire,Overcast.,81,2023-04-23
Gambia,Sunny.,84,2023-04-23
Ghana,Broken clouds.,90,2023-04-23
Guinea,Passing clouds.,88,2023-04-23
Guinea-Bissau,Clear.,91,2023-04-23
Liberia,Scattered clouds.,84,2023-04-23
Mali,Sunny.,99,2023-04-23
Mauritania,Sunny.,86,2023-04-23
Niger,Passing clouds.,104,2023-04-23
Nigeria,Overcast.,86,2023-04-23
Senegal,Sunny.,75,2023-04-23
Sierra-Leone,Partly sunny.,79,2023-04-23
Togo,Scattered clouds.,90,2023-04-23
Benin,Scattered clouds.,88,2023-04-24
Burkina-Faso,Partly sunny.,90,2023-04-24
Cape-Verde,Passing clouds.,70,2023-04-24
Cote-Divoire,Partly sunny.,78,2023-04-24
Gambia,Sunny.,88,2023-04-24
Ghana,Passing clouds.,86,2023-04-24
Guinea,Scattered clouds.,88,2023-04-24
Guinea-Bissau,Clear.,91,2023-04-24
Liberia,Partly sunny.,88,2023-04-24
Mali,Passing clouds.,100,2023-04-24
Mauritania,Sunny.,97,2023-04-24
Niger,Sunny.,99,2023-04-24
Nigeria,Overcast.,77,2023-04-24
Senegal,Sunny.,75,2023-04-24
Sierra-Leone,Partly sunny.,81,2023-04-24
Togo,Passing clouds.,84,2023-04-24
Benin,Scattered clouds.,90,2023-04-25
Burkina-Faso,Scattered clouds.,88,2023-04-25
Cape-Verde,Passing clouds.,71,2023-04-25
Cote-Divoire,Partly sunny.,82,2023-04-25
Gambia,Sunny.,91,2023-04-25
Ghana,Scattered clouds.,90,2023-04-25
Guinea,Partly sunny.,90,2023-04-25
Guinea-Bissau,Clear.,91,2023-04-25
Liberia,Partly sunny.,88,2023-04-25
Mali,Passing clouds.,104,2023-04-25
Mauritania,Sunny.,90,2023-04-25
Niger,Sunny.,106,2023-04-25
Nigeria,Overcast.,85,2023-04-25
Senegal,Sunny.,77,2023-04-25
Sierra-Leone,Partly sunny.,81,2023-04-25
Togo,Scattered clouds.,90,2023-04-25
Benin,Scattered clouds.,86,2023-04-26
Burkina-Faso,Scattered clouds.,88,2023-04-26
Cape-Verde,Passing clouds.,71,2023-04-26
Cote-Divoire,Overcast.,83,2023-04-26
Gambia,Sunny.,82,2023-04-26
Ghana,Passing clouds.,86,2023-04-26
Guinea,Scattered clouds.,86,2023-04-26
Guinea-Bissau,Clear.,81,2023-04-26
Liberia,Partly sunny.,77,2023-04-26
Mali,Sunny.,97,2023-04-26
Mauritania,Sunny.,91,2023-04-26
Niger,Sunny.,102,2023-04-26
Nigeria,Overcast.,86,2023-04-26
Senegal,Scattered clouds.,73,2023-04-26
Sierra-Leone,Scattered clouds.,86,2023-04-26
Togo,Passing clouds.,86,2023-04-26
Benin,Scattered clouds.,88,2023-04-27
Burkina-Faso,Passing clouds.,92,2023-04-27
Cape-Verde,Passing clouds.,71,2023-04-27
Cote-Divoire,Partly sunny.,81,2023-04-27
Gambia,Sunny.,86,2023-04-27
Ghana,Passing clouds.,90,2023-04-27
Guinea,Passing clouds.,88,2023-04-27
Guinea-Bissau,Clear.,84,2023-04-27
Liberia,Partly sunny.,90,2023-04-27
Mali,Sunny.,102,2023-04-27
Mauritania,Sunny.,91,2023-04-27
Niger,Sunny.,99,2023-04-27
Nigeria,Overcast.,78,2023-04-27
Senegal,Scattered clouds.,75,2023-04-27
Sierra-Leone,Partly sunny.,84,2023-04-27
Togo,Passing clouds.,90,2023-04-27
Benin,Scattered clouds.,88,2023-04-28
Burkina-Faso,Partly sunny.,85,2023-04-28
Cape-Verde,Passing clouds.,70,2023-04-28
Cote-Divoire,Overcast.,77,2023-04-28
Gambia,Sunny.,86,2023-04-28
Ghana,Passing clouds.,86,2023-04-28
Guinea,Scattered clouds.,88,2023-04-28
Guinea-Bissau,Clear.,91,2023-04-28
Liberia,Partly sunny.,84,2023-04-28
Mali,Passing clouds.,100,2023-04-28
Mauritania,Sunny.,95,2023-04-28
Niger,Sunny.,100,2023-04-28
Nigeria,Overcast.,85,2023-04-28
Senegal,Scattered clouds.,75,2023-04-28
Sierra-Leone,Scattered clouds.,88,2023-04-28
Togo,Passing clouds.,88,2023-04-28
Benin,Scattered clouds.,88,2023-04-29
Burkina-Faso,Passing clouds.,93,2023-04-29
Cape-Verde,Passing clouds.,71,2023-04-29
Cote-Divoire,Partly sunny.,83,2023-04-29
Gambia,Sunny.,82,2023-04-29
Ghana,Scattered clouds.,88,2023-04-29
Guinea,Partly sunny.,88,2023-04-29
Guinea-Bissau,Clear.,84,2023-04-29
Liberia,Partly sunny.,90,2023-04-29
Mali,Passing clouds.,97,2023-04-29
Mauritania,Sunny.,102,2023-04-29
Niger,Sunny.,99,2023-04-29
Nigeria,Overcast.,75,2023-04-29
Senegal,Passing clouds.,77,2023-04-29
Sierra-Leone,Partly sunny.,81,2023-04-29
Togo,Passing clouds.,90,2023-04-29
Benin,Passing clouds.,82,2023-04-30
Burkina-Faso,Overcast.,85,2023-04-30
Cape-Verde,Sunny.,92,2023-04-30
Cote-Divoire,Overcast.,83,2023-04-30
Gambia,Sunny.,86,2023-04-30
Ghana,Passing clouds.,88,2023-04-30
Guinea,Scattered clouds.,88,2023-04-30
Guinea-Bissau,Partly sunny.,84,2023-04-30
Liberia,Partly sunny.,88,2023-04-30
Mali,Passing clouds.,95,2023-04-30
Mauritania,Sunny.,100,2023-04-30
Niger,Sunny.,102,2023-04-30
Nigeria,Overcast.,82,2023-04-30
Senegal,Passing clouds.,77,2023-04-30
Sierra-Leone,Scattered clouds.,84,2023-04-30
Togo,Passing clouds.,81,2023-04-30
Benin,Scattered clouds.,88,2023-05-01
Burkina-Faso,Partly sunny.,89,2023-05-01
Cape-Verde,Passing clouds.,77,2023-05-01
Cote-Divoire,Scattered clouds.,81,2023-05-01
Gambia,Passing clouds.,81,2023-05-01
Ghana,Scattered clouds.,88,2023-05-01
Guinea,Scattered clouds.,86,2023-05-01
Guinea-Bissau,Sunny.,86,2023-05-01
Liberia,Overcast.,77,2023-05-01
Mali,Passing clouds.,95,2023-05-01
Mauritania,Sunny.,93,2023-05-01
Niger,Sunny.,102,2023-05-01
Nigeria,Overcast.,86,2023-05-01
Senegal,Partly sunny.,77,2023-05-01
Sierra-Leone,Scattered clouds.,86,2023-05-01
Togo,Scattered clouds.,88,2023-05-01
Benin,Scattered clouds.,86,2023-05-02
Burkina-Faso,Passing clouds.,94,2023-05-02
Cape-Verde,Clear.,72,2023-05-02
Cote-Divoire,Scattered clouds.,83,2023-05-02
Gambia,Scattered clouds.,84,2023-05-02
Ghana,Scattered clouds.,86,2023-05-02
Guinea,Broken clouds.,90,2023-05-02
Guinea-Bissau,Partly sunny.,88,2023-05-02
Liberia,Partly sunny.,88,2023-05-02
Mali,Passing clouds.,99,2023-05-02
Mauritania,Sunny.,88,2023-05-02
Niger,Sunny.,100,2023-05-02
Nigeria,Overcast.,90,2023-05-02
Senegal,Sunny.,79,2023-05-02
Sierra-Leone,Partly sunny.,81,2023-05-02
Togo,Passing clouds.,88,2023-05-02
Benin,Scattered clouds.,88,2023-05-03
Burkina-Faso,Overcast.,84,2023-05-03
Cape-Verde,Passing clouds.,77,2023-05-03
Cote-Divoire,Overcast.,82,2023-05-03
Gambia,Broken clouds.,79,2023-05-03
Ghana,Scattered clouds.,88,2023-05-03
Guinea,Thunderstorms. Partly sunny.,79,2023-05-03
Guinea-Bissau,Clear.,82,2023-05-03
Liberia,Partly sunny.,88,2023-05-03
Mali,Passing clouds.,99,2023-05-03
Mauritania,Sunny.,90,2023-05-03
Niger,Sunny.,102,2023-05-03
Nigeria,Overcast.,83,2023-05-03
Senegal,Sunny.,77,2023-05-03
Sierra-Leone,Scattered clouds.,81,2023-05-03
Togo,Passing clouds.,90,2023-05-03
Benin,Scattered clouds.,90,2023-05-04
Burkina-Faso,Scattered clouds.,90,2023-05-04
Cape-Verde,Passing clouds.,77,2023-05-04
Cote-Divoire,Overcast.,80,2023-05-04
Gambia,Sunny.,90,2023-05-04
Ghana,Passing clouds.,88,2023-05-04
Guinea,Broken clouds.,84,2023-05-04
Guinea-Bissau,Warm.,86,2023-05-04
Liberia,Partly sunny.,88,2023-05-04
Mali,Passing clouds.,95,2023-05-04
Mauritania,Sunny.,102,2023-05-04
Niger,Sunny.,102,2023-05-04
Nigeria,Overcast.,85,2023-05-04
Senegal,Sunny.,81,2023-05-04
Sierra-Leone,Broken clouds.,84,2023-05-04
Togo,Scattered clouds.,90,2023-05-04
Benin,Passing clouds.,88,2023-05-05
Burkina-Faso,Partly sunny.,89,2023-05-05
Cape-Verde,Passing clouds.,74,2023-05-05
Cote-Divoire,Partly sunny.,80,2023-05-05
Gambia,Sunny.,88,2023-05-05
Ghana,Scattered clouds.,88,2023-05-05
Guinea,Scattered clouds.,90,2023-05-05
Guinea-Bissau,Clear.,91,2023-05-05
Liberia,Partly sunny.,90,2023-05-05
Mali,Sunny.,88,2023-05-05
Mauritania,Sunny.,100,2023-05-05
Niger,Sunny.,95,2023-05-05
Nigeria,Overcast.,80,2023-05-05
Senegal,Sunny.,81,2023-05-05
Sierra-Leone,Partly sunny.,84,2023-05-05
Togo,Passing clouds.,90,2023-05-05
Benin,Scattered clouds.,90,2023-05-06
Burkina-Faso,Partly sunny.,87,2023-05-06
Cape-Verde,Partly sunny.,78,2023-05-06
Cote-Divoire,Scattered clouds.,84,2023-05-06
Gambia,Sunny.,88,2023-05-06
Ghana,Partly sunny.,88,2023-05-06
Guinea,Broken clouds.,88,2023-05-06
Guinea-Bissau,Passing clouds.,86,2023-05-06
Liberia,Partly sunny.,88,2023-05-06
Mali,Passing clouds.,100,2023-05-06
Mauritania,Sunny.,99,2023-05-06
Niger,Passing clouds.,100,2023-05-06
Nigeria,Scattered clouds.,84,2023-05-06
Senegal,Passing clouds.,79,2023-05-06
Sierra-Leone,Partly sunny.,84,2023-05-06
Togo,Passing clouds.,90,2023-05-06
Benin,Scattered clouds.,90,2023-05-07
Burkina-Faso,Scattered clouds.,90,2023-05-07
Cape-Verde,Passing clouds.,71,2023-05-07
Cote-Divoire,Overcast.,74,2023-05-07
Gambia,Sunny.,84,2023-05-07
Ghana,Partly sunny.,86,2023-05-07
Guinea,Scattered clouds.,90,2023-05-07
Guinea-Bissau,Clear.,88,2023-05-07
Liberia,Thunderstorms. Partly sunny.,86,2023-05-07
Mali,Passing clouds.,95,2023-05-07
Mauritania,Sunny.,91,2023-05-07
Niger,Sunny.,100,2023-05-07
Nigeria,Overcast.,88,2023-05-07
Senegal,Scattered clouds.,77,2023-05-07
Sierra-Leone,Partly sunny.,77,2023-05-07
Togo,Scattered clouds.,88,2023-05-07
Benin,Scattered clouds.,88,2023-05-08
Burkina-Faso,Partly sunny.,88,2023-05-08
Cape-Verde,Passing clouds.,72,2023-05-08
Cote-Divoire,Partly sunny.,81,2023-05-08
Gambia,Clear.,84,2023-05-08
Ghana,Scattered clouds.,88,2023-05-08
Guinea,Partly sunny.,88,2023-05-08
Guinea-Bissau,Clear.,88,2023-05-08
Liberia,Scattered clouds.,88,2023-05-08
Mali,Thunderstorms. Scattered clouds.,73,2023-05-08
Mauritania,Sunny.,100,2023-05-08
Niger,Passing clouds.,97,2023-05-08
Nigeria,Overcast.,85,2023-05-08
Senegal,Sunny.,79,2023-05-08
Sierra-Leone,Scattered clouds.,81,2023-05-08
Togo,Passing clouds.,90,2023-05-08
Benin,Scattered clouds.,90,2023-05-09
Burkina-Faso,Scattered clouds.,94,2023-05-09
Cape-Verde,Passing clouds.,82,2023-05-09
Cote-Divoire,Thunderstorms. Overcast.,73,2023-05-09
Gambia,Haze.,91,2023-05-09
Ghana,Broken clouds.,90,2023-05-09
Guinea,Broken clouds.,84,2023-05-09
Guinea-Bissau,Clear.,93,2023-05-09
Liberia,Partly sunny.,91,2023-05-09
Mali,Sunny.,91,2023-05-09
Mauritania,Sunny.,99,2023-05-09
Niger,Clear.,108,2023-05-09
Nigeria,Overcast.,93,2023-05-09
Senegal,Sunny.,81,2023-05-09
Sierra-Leone,Partly sunny.,82,2023-05-09
Togo,Passing clouds.,91,2023-05-09
Benin,Scattered clouds.,91,2023-05-10
Burkina-Faso,Thundershowers. Overcast.,83,2023-05-10
Cape-Verde,Passing clouds.,70,2023-05-10
Cote-Divoire,Partly sunny.,83,2023-05-10
Gambia,Sunny.,90,2023-05-10
Ghana,Scattered clouds.,90,2023-05-10
Guinea,Partly sunny.,86,2023-05-10
Guinea-Bissau,Passing clouds.,95,2023-05-10
Liberia,Partly sunny.,79,2023-05-10
Mali,Passing clouds.,99,2023-05-10
Mauritania,Sunny.,93,2023-05-10
Niger,Sunny.,106,2023-05-10
Nigeria,Overcast.,87,2023-05-10
Senegal,Scattered clouds.,81,2023-05-10
Sierra-Leone,Thunderstorms. Partly sunny.,75,2023-05-10
Togo,Passing clouds.,91,2023-05-10
Benin,Scattered clouds.,91,2023-05-11
Burkina-Faso,Overcast.,89,2023-05-11
Cape-Verde,Scattered clouds.,77,2023-05-11
Cote-Divoire,Partly sunny.,84,2023-05-11
Gambia,Sunny.,84,2023-05-11
Ghana,Scattered clouds.,90,2023-05-11
Guinea,Partly sunny.,88,2023-05-11
Guinea-Bissau,Clear.,82,2023-05-11
Liberia,Partly sunny.,88,2023-05-11
Mali,Clear.,100,2023-05-11
Mauritania,Passing clouds.,74,2023-05-11
Niger,Clear.,102,2023-05-11
Nigeria,Overcast.,88,2023-05-11
Senegal,Partly sunny.,79,2023-05-11
Sierra-Leone,Partly sunny.,84,2023-05-11
Togo,Passing clouds.,90,2023-05-11
Benin,Scattered clouds.,90,2023-05-12
Burkina-Faso,Thunderstorms. Scattered clouds.,90,2023-05-12
Cape-Verde,Partly sunny.,74,2023-05-12
Cote-Divoire,Partly sunny.,82,2023-05-12
Gambia,Sunny.,84,2023-05-12
Ghana,Passing clouds.,90,2023-05-12
Guinea,Scattered clouds.,90,2023-05-12
Guinea-Bissau,Clear.,84,2023-05-12
Liberia,Partly sunny.,81,2023-05-12
Mali,Passing clouds.,93,2023-05-12
Mauritania,Sunny.,91,2023-05-12
Niger,Clear.,86,2023-05-12
Nigeria,Thunderstorms. Low clouds.,79,2023-05-12
Senegal,Scattered clouds.,77,2023-05-12
Sierra-Leone,Partly sunny.,82,2023-05-12
Togo,Scattered clouds.,88,2023-05-12
Benin,Partly sunny.,91,2023-05-13
Burkina-Faso,Overcast.,87,2023-05-13
Cape-Verde,Passing clouds.,71,2023-05-13
Cote-Divoire,Partly sunny.,81,2023-05-13
Gambia,Sunny.,86,2023-05-13
Ghana,Partly sunny.,90,2023-05-13
Guinea,Scattered clouds.,90,2023-05-13
Guinea-Bissau,Passing clouds.,88,2023-05-13
Liberia,Scattered clouds.,88,2023-05-13
Mali,Passing clouds.,95,2023-05-13
Mauritania,Sunny.,95,2023-05-13
Niger,Sunny.,99,2023-05-13
Nigeria,Overcast.,87,2023-05-13
Senegal,Scattered clouds.,79,2023-05-13
Sierra-Leone,Partly sunny.,79,2023-05-13
Togo,Scattered clouds.,91,2023-05-13
Benin,Scattered clouds.,88,2023-05-14
Burkina-Faso,Scattered clouds.,88,2023-05-14
Cape-Verde,Passing clouds.,72,2023-05-14
Cote-Divoire,Overcast.,78,2023-05-14
Gambia,Sunny.,84,2023-05-14
Ghana,Scattered clouds.,88,2023-05-14
Guinea,Scattered clouds.,82,2023-05-14
Guinea-Bissau,Passing clouds.,88,2023-05-14
Liberia,Partly sunny.,90,2023-05-14
Mali,Passing clouds.,82,2023-05-14
Mauritania,Sunny.,88,2023-05-14
Niger,Sunny.,106,2023-05-14
Nigeria,Overcast.,85,2023-05-14
Senegal,Partly sunny.,79,2023-05-14
Sierra-Leone,Scattered clouds.,82,2023-05-14
Togo,Passing clouds.,88,2023-05-14
Benin,Passing clouds.,81,2023-05-15
Burkina-Faso,Partly sunny.,88,2023-05-15
Cape-Verde,Passing clouds.,72,2023-05-15
Cote-Divoire,Overcast.,72,2023-05-15
Gambia,Sunny.,84,2023-05-15
Ghana,Light rain. Partly sunny.,73,2023-05-15
Guinea,Scattered clouds.,90,2023-05-15
Guinea-Bissau,Passing clouds.,88,2023-05-15
Liberia,Partly sunny.,82,2023-05-15
Mali,Sunny.,91,2023-05-15
Mauritania,Sunny.,93,2023-05-15
Niger,Duststorm.,104,2023-05-15
Nigeria,Overcast.,82,2023-05-15
Senegal,Scattered clouds.,79,2023-05-15
Sierra-Leone,Partly sunny.,84,2023-05-15
Togo,Passing clouds.,77,2023-05-15
Benin,Partly sunny.,84,2023-05-16
Burkina-Faso,Thunderstorms. Overcast.,87,2023-05-16
Cape-Verde,Partly sunny.,74,2023-05-16
Cote-Divoire,Overcast.,80,2023-05-16
Gambia,Sunny.,82,2023-05-16
Ghana,Passing clouds.,88,2023-05-16
Guinea,Scattered clouds.,88,2023-05-16
Guinea-Bissau,Clear.,88,2023-05-16
Liberia,Partly sunny.,86,2023-05-16
Mali,Passing clouds.,91,2023-05-16
Mauritania,Sunny.,86,2023-05-16
Niger,Passing clouds.,100,2023-05-16
Nigeria,Overcast.,80,2023-05-16
Senegal,Scattered clouds.,79,2023-05-16
Sierra-Leone,Partly sunny.,84,2023-05-16
Togo,Scattered clouds.,88,2023-05-16
Benin,Scattered clouds.,90,2023-05-17
Burkina-Faso,Sprinkles. Overcast.,88,2023-05-17
Cape-Verde,Passing clouds.,72,2023-05-17
Cote-Divoire,Passing clouds.,82,2023-05-17
Gambia,Sunny.,84,2023-05-17
Ghana,Scattered clouds.,90,2023-05-17
Guinea,Scattered clouds.,88,2023-05-17
Guinea-Bissau,Clear.,91,2023-05-17
Liberia,Partly sunny.,88,2023-05-17
Mali,Passing clouds.,95,2023-05-17
Mauritania,Sunny.,88,2023-05-17
Niger,Sunny.,102,2023-05-17
Nigeria,Overcast.,87,2023-05-17
Senegal,Partly sunny.,81,2023-05-17
Sierra-Leone,Partly sunny.,82,2023-05-17
Togo,Passing clouds.,90,2023-05-17
Benin,Passing clouds.,82,2023-05-18
Burkina-Faso,Partly sunny.,83,2023-05-18
Cape-Verde,Overcast.,79,2023-05-18
Cote-Divoire,Overcast.,81,2023-05-18
Gambia,Sunny.,91,2023-05-18
Ghana,Thunderstorms. Scattered clouds.,79,2023-05-18
Guinea,Broken clouds.,84,2023-05-18
Guinea-Bissau,Clear.,91,2023-05-18
Liberia,Thunderstorms. Partly sunny.,86,2023-05-18
Mali,Passing clouds.,82,2023-05-18
Mauritania,Sunny.,95,2023-05-18
Niger,Sunny.,93,2023-05-18
Nigeria,Overcast.,81,2023-05-18
Senegal,Sunny.,81,2023-05-18
Sierra-Leone,Partly sunny.,82,2023-05-18
Togo,Thunderstorms. Passing clouds.,75,2023-05-18
Benin,Scattered clouds.,90,2023-05-19
Burkina-Faso,Overcast.,86,2023-05-19
Cape-Verde,Passing clouds.,71,2023-05-19
Cote-Divoire,Partly sunny.,77,2023-05-19
Gambia,Sunny.,84,2023-05-19
Ghana,Partly sunny.,88,2023-05-19
Guinea,Light rain. Partly sunny.,79,2023-05-19
Guinea-Bissau,Clear.,90,2023-05-19
Liberia,Drizzle. Partly sunny.,77,2023-05-19
Mali,Passing clouds.,90,2023-05-19
Mauritania,Sunny.,97,2023-05-19
Niger,Partly sunny.,91,2023-05-19
Nigeria,Overcast.,86,2023-05-19
Senegal,Passing clouds.,81,2023-05-19
Sierra-Leone,Thunderstorms. Partly sunny.,73,2023-05-19
Togo,Passing clouds.,90,2023-05-19
Benin,Thunderstorms. Partly sunny.,75,2023-05-20
Burkina-Faso,Partly sunny.,86,2023-05-20
Cape-Verde,Scattered clouds.,75,2023-05-20
Cote-Divoire,Partly sunny.,80,2023-05-20
Gambia,Sunny.,86,2023-05-20
Ghana,Broken clouds.,88,2023-05-20
Guinea,Partly sunny.,86,2023-05-20
Guinea-Bissau,Clear.,86,2023-05-20
Liberia,Partly sunny.,86,2023-05-20
Mali,Sunny.,88,2023-05-20
Mauritania,Sunny.,93,2023-05-20
Niger,Passing clouds.,100,2023-05-20
Nigeria,Overcast.,83,2023-05-20
Senegal,Sunny.,81,2023-05-20
Sierra-Leone,Drizzle. Partly sunny.,77,2023-05-20
Togo,Thunderstorms. Passing clouds.,90,2023-05-20
Benin,Passing clouds.,84,2023-05-21
Burkina-Faso,Overcast.,83,2023-05-21
Cape-Verde,Scattered clouds.,75,2023-05-21
Cote-Divoire,Partly sunny.,80,2023-05-21
Gambia,Sunny.,88,2023-05-21
Ghana,Scattered clouds.,88,2023-05-21
Guinea,Broken clouds.,86,2023-05-21
Guinea-Bissau,Clear.,91,2023-05-21
Liberia,Partly sunny.,88,2023-05-21
Mali,Passing clouds.,84,2023-05-21
Mauritania,Scattered clouds.,82,2023-05-21
Niger,Passing clouds.,100,2023-05-21
Nigeria,Overcast.,84,2023-05-21
Senegal,Sunny.,88,2023-05-21
Sierra-Leone,Partly sunny.,84,2023-05-21
Togo,Passing clouds.,90,2023-05-21
Benin,Scattered clouds.,88,2023-05-22
Burkina-Faso,Scattered clouds.,89,2023-05-22
Cape-Verde,Partly sunny.,79,2023-05-22
Cote-Divoire,Scattered clouds.,83,2023-05-22
Gambia,Sunny.,88,2023-05-22
Ghana,Partly sunny.,86,2023-05-22
Guinea,Light rain. Partly sunny.,82,2023-05-22
Guinea-Bissau,Rain. Partly sunny.,75,2023-05-22
Liberia,Partly sunny.,88,2023-05-22
Mali,Passing clouds.,91,2023-05-22
Mauritania,Sunny.,91,2023-05-22
Niger,Sunny.,82,2023-05-22
Nigeria,Overcast.,85,2023-05-22
Senegal,Sunny.,81,2023-05-22
Sierra-Leone,Partly sunny.,81,2023-05-22
Togo,Scattered clouds.,88,2023-05-22
Benin,Broken clouds.,86,2023-05-23
Burkina-Faso,Scattered clouds.,88,2023-05-23
Cape-Verde,Passing clouds.,72,2023-05-23
Cote-Divoire,Overcast.,78,2023-05-23
Gambia,Sunny.,88,2023-05-23
Ghana,Passing clouds.,88,2023-05-23
Guinea,Broken clouds.,90,2023-05-23
Guinea-Bissau,Clear.,91,2023-05-23
Liberia,Drizzle. Partly sunny.,77,2023-05-23
Mali,Sunny.,88,2023-05-23
Mauritania,Sunny.,88,2023-05-23
Niger,Sunny.,99,2023-05-23
Nigeria,Overcast.,76,2023-05-23
Senegal,Sunny.,77,2023-05-23
Sierra-Leone,Partly sunny.,79,2023-05-23
Togo,Scattered clouds.,88,2023-05-23
Benin,Scattered clouds.,88,2023-05-24
Burkina-Faso,Scattered clouds.,90,2023-05-24
Cape-Verde,Passing clouds.,71,2023-05-24
Cote-Divoire,Scattered clouds.,83,2023-05-24
Gambia,Sunny.,86,2023-05-24
Ghana,Partly sunny.,88,2023-05-24
Guinea,Passing clouds.,88,2023-05-24
Guinea-Bissau,Clear.,93,2023-05-24
Liberia,Partly sunny.,90,2023-05-24
Mali,Passing clouds.,97,2023-05-24
Mauritania,Sunny.,99,2023-05-24
Niger,Passing clouds.,100,2023-05-24
Nigeria,Overcast.,72,2023-05-24
Senegal,Sunny.,79,2023-05-24
Sierra-Leone,Partly sunny.,86,2023-05-24
Togo,Thunderstorms. Scattered clouds.,86,2023-05-24
Benin,Scattered clouds.,88,2023-05-25
Burkina-Faso,Overcast.,90,2023-05-25
Cape-Verde,Partly sunny.,75,2023-05-25
Cote-Divoire,Overcast.,81,2023-05-25
Gambia,Sunny.,88,2023-05-25
Ghana,Passing clouds.,84,2023-05-25
Guinea,Scattered clouds.,84,2023-05-25
Guinea-Bissau,Passing clouds.,90,2023-05-25
Liberia,Partly sunny.,86,2023-05-25
Mali,Thunderstorms. Passing clouds.,72,2023-05-25
Mauritania,Sunny.,97,2023-05-25
Niger,Sunny.,99,2023-05-25
Nigeria,Partly sunny.,88,2023-05-25
Senegal,Sunny.,82,2023-05-25
Sierra-Leone,Scattered clouds.,82,2023-05-25
Togo,Passing clouds.,88,2023-05-25
Benin,Scattered clouds.,90,2023-05-26
Burkina-Faso,Thunderstorms. Overcast.,84,2023-05-26
Cape-Verde,Overcast.,72,2023-05-26
Cote-Divoire,Overcast.,79,2023-05-26
Gambia,Sunny.,90,2023-05-26
Ghana,Scattered clouds.,88,2023-05-26
Guinea,Broken clouds.,82,2023-05-26
Guinea-Bissau,Partly sunny.,90,2023-05-26
Liberia,Partly sunny.,86,2023-05-26
Mali,Passing clouds.,90,2023-05-26
Mauritania,Sunny.,95,2023-05-26
Niger,Clear.,102,2023-05-26
Nigeria,Overcast.,79,2023-05-26
Senegal,Clear.,82,2023-05-26
Sierra-Leone,Partly sunny.,79,2023-05-26
Togo,Passing clouds.,90,2023-05-26
Benin,Thunderstorms. Scattered clouds.,75,2023-05-27
Burkina-Faso,Sprinkles. Overcast.,82,2023-05-27
Cape-Verde,Passing clouds.,73,2023-05-27
Cote-Divoire,Partly sunny.,80,2023-05-27
Gambia,Sunny.,91,2023-05-27
Ghana,Passing clouds.,84,2023-05-27
Guinea,Partly sunny.,86,2023-05-27
Guinea-Bissau,Clear.,91,2023-05-27
Liberia,Partly sunny.,88,2023-05-27
Mali,Passing clouds.,93,2023-05-27
Mauritania,Sunny.,95,2023-05-27
Niger,Clear.,102,2023-05-27
Nigeria,Scattered clouds.,82,2023-05-27
Senegal,Sunny.,82,2023-05-27
Sierra-Leone,Partly sunny.,84,2023-05-27
Togo,Thunderstorms. Passing clouds.,84,2023-05-27
Benin,Scattered clouds.,88,2023-05-28
Burkina-Faso,Overcast.,89,2023-05-28
Cape-Verde,Overcast.,76,2023-05-28
Cote-Divoire,Overcast.,80,2023-05-28
Gambia,Sunny.,93,2023-05-28
Ghana,Partly sunny.,84,2023-05-28
Guinea,Scattered clouds.,88,2023-05-28
Guinea-Bissau,Clear.,90,2023-05-28
Liberia,Thunderstorms. Partly sunny.,86,2023-05-28
Mali,Passing clouds.,95,2023-05-28
Mauritania,Sunny.,102,2023-05-28
Niger,Clear.,102,2023-05-28
Nigeria,Overcast.,83,2023-05-28
Senegal,Sunny.,82,2023-05-28
Sierra-Leone,Partly sunny.,81,2023-05-28
Togo,Scattered clouds.,88,2023-05-28
Benin,Passing clouds.,81,2023-05-29
Burkina-Faso,Thunderstorms. Overcast.,87,2023-05-29
Cape-Verde,Passing clouds.,78,2023-05-29
Cote-Divoire,Passing clouds.,75,2023-05-29
Gambia,Sunny.,93,2023-05-29
Ghana,Scattered clouds.,86,2023-05-29
Guinea,Partly sunny.,86,2023-05-29
Guinea-Bissau,Passing clouds.,93,2023-05-29
Liberia,Partly sunny.,88,2023-05-29
Mali,Passing clouds.,93,2023-05-29
Mauritania,Sunny.,102,2023-05-29
Niger,Passing clouds.,97,2023-05-29
Nigeria,Overcast.,80,2023-05-29
Senegal,Sunny.,82,2023-05-29
Sierra-Leone,Partly sunny.,79,2023-05-29
Togo,Thunderstorms. Partly sunny.,81,2023-05-29
Benin,Scattered clouds.,86,2023-05-30
Burkina-Faso,Overcast.,87,2023-05-30
Cape-Verde,Partly sunny.,83,2023-05-30
Cote-Divoire,Scattered clouds.,86,2023-05-30
Gambia,Sunny.,95,2023-05-30
Ghana,Overcast.,86,2023-05-30
Guinea,Light rain. Mostly cloudy.,82,2023-05-30
Guinea-Bissau,Passing clouds.,91,2023-05-30
Liberia,Rain showers. Partly sunny.,86,2023-05-30
Mali,Sunny.,99,2023-05-30
Mauritania,Sunny.,104,2023-05-30
Niger,Sunny.,97,2023-05-30
Nigeria,Scattered clouds.,90,2023-05-30
Senegal,Sunny.,84,2023-05-30
Sierra-Leone,Partly sunny.,84,2023-05-30
Togo,Scattered clouds.,88,2023-05-30
Benin,Light rain. Scattered clouds.,84,2023-05-31
Burkina-Faso,Overcast.,88,2023-05-31
Cape-Verde,Passing clouds.,79,2023-05-31
Cote-Divoire,Overcast.,82,2023-05-31
Gambia,Sunny.,86,2023-05-31
Ghana,Partly sunny.,84,2023-05-31
Guinea,Light rain. Mostly cloudy.,81,2023-05-31
Guinea-Bissau,Passing clouds.,81,2023-05-31
Liberia,Partly sunny.,88,2023-05-31
Mali,Passing clouds.,88,2023-05-31
Mauritania,Sunny.,108,2023-05-31
Niger,Clear.,93,2023-05-31
Nigeria,Overcast.,87,2023-05-31
Senegal,Sunny.,82,2023-05-31
Sierra-Leone,Partly sunny.,79,2023-05-31
Togo,Passing clouds.,84,2023-05-31
Benin,Scattered clouds.,84,2023-06-01
Burkina-Faso,Overcast.,88,2023-06-01
Cape-Verde,Passing clouds.,74,2023-06-01
Cote-Divoire,Overcast.,81,2023-06-01
Gambia,Scattered clouds.,84,2023-06-01
Ghana,Passing clouds.,77,2023-06-01
Guinea,Broken clouds.,84,2023-06-01
Guinea-Bissau,Partly sunny.,88,2023-06-01
Liberia,Partly sunny.,86,2023-06-01
Mali,Passing clouds.,88,2023-06-01
Mauritania,Sunny.,88,2023-06-01
Niger,Sunny.,99,2023-06-01
Nigeria,Thunderstorms. Low clouds.,74,2023-06-01
Senegal,Sunny.,82,2023-06-01
Sierra-Leone,Scattered clouds.,84,2023-06-01
Togo,Passing clouds.,84,2023-06-01
Benin,Thunderstorms. Scattered clouds.,84,2023-06-02
Burkina-Faso,Partly sunny.,88,2023-06-02
Cape-Verde,Passing clouds.,83,2023-06-02
Cote-Divoire,Passing clouds.,79,2023-06-02
Gambia,Sunny.,90,2023-06-02
Ghana,Passing clouds.,86,2023-06-02
Guinea,Partly sunny.,82,2023-06-02
Guinea-Bissau,Passing clouds.,86,2023-06-02
Liberia,Partly sunny.,86,2023-06-02
Mali,Passing clouds.,95,2023-06-02
Mauritania,Sunny.,91,2023-06-02
Niger,Passing clouds.,100,2023-06-02
Nigeria,Overcast.,85,2023-06-02
Senegal,Sunny.,81,2023-06-02
Sierra-Leone,Partly sunny.,81,2023-06-02
Togo,Scattered clouds.,84,2023-06-02
Benin,Thunderstorms. Partly sunny.,79,2023-06-03
Burkina-Faso,Partly sunny.,90,2023-06-03
Cape-Verde,Overcast.,74,2023-06-03
Cote-Divoire,Partly sunny.,77,2023-06-03
Gambia,Sunny.,88,2023-06-03
Ghana,Scattered clouds.,82,2023-06-03
Guinea,Partly sunny.,84,2023-06-03
Guinea-Bissau,Passing clouds.,88,2023-06-03
Liberia,Light rain. Partly sunny.,73,2023-06-03
Mali,Passing clouds.,90,2023-06-03
Mauritania,Sunny.,91,2023-06-03
Niger,Passing clouds.,97,2023-06-03
Nigeria,Overcast.,81,2023-06-03
Senegal,Partly sunny.,81,2023-06-03
Sierra-Leone,Partly sunny.,81,2023-06-03
Togo,Scattered clouds.,86,2023-06-03
Benin,Passing clouds.,86,2023-06-04
Burkina-Faso,Overcast.,87,2023-06-04
Cape-Verde,Passing clouds.,80,2023-06-04
Cote-Divoire,Partly sunny.,81,2023-06-04
Gambia,Sunny.,88,2023-06-04
Ghana,Passing clouds.,82,2023-06-04
Guinea,Broken clouds.,84,2023-06-04
Guinea-Bissau,Clear.,88,2023-06-04
Liberia,Partly sunny.,88,2023-06-04
Mali,Passing clouds.,93,2023-06-04
Mauritania,Sunny.,91,2023-06-04
Niger,Scattered clouds.,97,2023-06-04
Nigeria,Overcast.,73,2023-06-04
Senegal,Passing clouds.,81,2023-06-04
Sierra-Leone,Partly sunny.,82,2023-06-04
Togo,Passing clouds.,88,2023-06-04
Benin,Scattered clouds.,88,2023-06-05
Burkina-Faso,Thunderstorms. Overcast.,87,2023-06-05
Cape-Verde,Passing clouds.,73,2023-06-05
Cote-Divoire,Overcast.,80,2023-06-05
Gambia,Scattered clouds.,88,2023-06-05
Ghana,Passing clouds.,88,2023-06-05
Guinea,Scattered clouds.,86,2023-06-05
Guinea-Bissau,Passing clouds.,90,2023-06-05
Liberia,Partly sunny.,84,2023-06-05
Mali,Passing clouds.,77,2023-06-05
Mauritania,Sunny.,97,2023-06-05
Niger,Sunny.,100,2023-06-05
Nigeria,Overcast.,76,2023-06-05
Senegal,Scattered clouds.,81,2023-06-05
Sierra-Leone,Partly sunny.,82,2023-06-05
Togo,Passing clouds.,88,2023-06-05
Benin,Scattered clouds.,86,2023-06-06
Burkina-Faso,Overcast.,85,2023-06-06
Cape-Verde,Passing clouds.,81,2023-06-06
Cote-Divoire,Overcast.,78,2023-06-06
Gambia,Sunny.,88,2023-06-06
Ghana,Scattered clouds.,88,2023-06-06
Guinea,Scattered clouds.,86,2023-06-06
Guinea-Bissau,Clear.,86,2023-06-06
Liberia,Partly sunny.,86,2023-06-06
Mali,Passing clouds.,90,2023-06-06
Mauritania,Sunny.,90,2023-06-06
Niger,Sunny.,100,2023-06-06
Nigeria,Thunderstorms. Low clouds.,72,2023-06-06
Senegal,Sunny.,82,2023-06-06
Sierra-Leone,Scattered clouds.,82,2023-06-06
Togo,Scattered clouds.,88,2023-06-06
Benin,Scattered clouds.,84,2023-06-07
Burkina-Faso,Overcast.,83,2023-06-07
Cape-Verde,Passing clouds.,84,2023-06-07
Cote-Divoire,Overcast.,78,2023-06-07
Gambia,Sunny.,93,2023-06-07
Ghana,Overcast.,81,2023-06-07
Guinea,Broken clouds.,86,2023-06-07
Guinea-Bissau,Passing clouds.,90,2023-06-07
Liberia,Partly sunny.,84,2023-06-07
Mali,Passing clouds.,93,2023-06-07
Mauritania,Sunny.,99,2023-06-07
Niger,Sunny.,99,2023-06-07
Nigeria,Overcast.,81,2023-06-07
Senegal,Partly sunny.,82,2023-06-07
Sierra-Leone,Scattered clouds.,84,2023-06-07
Togo,Scattered clouds.,81,2023-06-07
Benin,Scattered clouds.,82,2023-06-08
Burkina-Faso,Haze.,87,2023-06-08
Cape-Verde,Passing clouds.,74,2023-06-08
Cote-Divoire,Overcast.,78,2023-06-08
Gambia,Scattered clouds.,88,2023-06-08
Ghana,Scattered clouds.,81,2023-06-08
Guinea,Scattered clouds.,88,2023-06-08
Guinea-Bissau,Passing clouds.,90,2023-06-08
Liberia,Partly sunny.,86,2023-06-08
Mali,Passing clouds.,93,2023-06-08
Mauritania,Sunny.,99,2023-06-08
Niger,Sunny.,99,2023-06-08
Nigeria,Overcast.,79,2023-06-08
Senegal,Scattered clouds.,82,2023-06-08
Sierra-Leone,Scattered clouds.,84,2023-06-08
Togo,Passing clouds.,81,2023-06-08
Benin,Scattered clouds.,86,2023-06-09
Burkina-Faso,Scattered clouds.,88,2023-06-09
Cape-Verde,Passing clouds.,74,2023-06-09
Cote-Divoire,Overcast.,80,2023-06-09
Gambia,Scattered clouds.,88,2023-06-09
Ghana,Passing clouds.,86,2023-06-09
Guinea,Broken clouds.,86,2023-06-09
Guinea-Bissau,Partly sunny.,88,2023-06-09
Liberia,Partly sunny.,88,2023-06-09
Mali,Passing clouds.,93,2023-06-09
Mauritania,Sunny.,102,2023-06-09
Niger,Sunny.,99,2023-06-09
Nigeria,Overcast.,80,2023-06-09
Senegal,Scattered clouds.,82,2023-06-09
Sierra-Leone,Partly sunny.,86,2023-06-09
Togo,Passing clouds.,86,2023-06-09
Benin,Light rain. Scattered clouds.,81,2023-06-10
Burkina-Faso,Partly sunny.,84,2023-06-10
Cape-Verde,Passing clouds.,75,2023-06-10
Cote-Divoire,Partly sunny.,81,2023-06-10
Gambia,Passing clouds.,90,2023-06-10
Ghana,Light rain. Partly sunny.,79,2023-06-10
Guinea,Scattered clouds.,86,2023-06-10
Guinea-Bissau,Clear.,91,2023-06-10
Liberia,Partly sunny.,84,2023-06-10
Mali,Passing clouds.,90,2023-06-10
Mauritania,Sunny.,106,2023-06-10
Niger,Sunny.,88,2023-06-10
Nigeria,Thundershowers. Low clouds.,71,2023-06-10
Senegal,Sunny.,82,2023-06-10
Sierra-Leone,Partly sunny.,82,2023-06-10
Togo,Broken clouds.,81,2023-06-10
Benin,Scattered clouds.,86,2023-06-11
Burkina-Faso,Rain. Overcast.,79,2023-06-11
Cape-Verde,Passing clouds.,76,2023-06-11
Cote-Divoire,Overcast.,75,2023-06-11
Gambia,Scattered clouds.,91,2023-06-11
Ghana,Overcast.,84,2023-06-11
Guinea,Partly sunny.,84,2023-06-11
Guinea-Bissau,Passing clouds.,88,2023-06-11
Liberia,Partly sunny.,81,2023-06-11
Mali,Passing clouds.,91,2023-06-11
Mauritania,Sunny.,108,2023-06-11
Niger,Sunny.,90,2023-06-11
Nigeria,Thunderstorms. Overcast.,75,2023-06-11
Senegal,Sunny.,86,2023-06-11
Sierra-Leone,Thunderstorms. Partly sunny.,75,2023-06-11
Togo,Passing clouds.,86,2023-06-11
Benin,Scattered clouds.,86,2023-06-12
Burkina-Faso,Light rain. Overcast.,83,2023-06-12
Cape-Verde,Passing clouds.,78,2023-06-12
Cote-Divoire,Overcast.,77,2023-06-12
Gambia,Partly sunny.,91,2023-06-12
Ghana,Passing clouds.,84,2023-06-12
Guinea,Partly sunny.,81,2023-06-12
Guinea-Bissau,Scattered clouds.,88,2023-06-12
Liberia,Drizzle. Partly sunny.,77,2023-06-12
Mali,Partly sunny.,84,2023-06-12
Mauritania,Sunny.,102,2023-06-12
Niger,Passing clouds.,82,2023-06-12
Nigeria,Low clouds.,74,2023-06-12
Senegal,Sunny.,86,2023-06-12
Sierra-Leone,Partly sunny.,81,2023-06-12
Togo,Scattered clouds.,86,2023-06-12
Benin,Scattered clouds.,86,2023-06-13
Burkina-Faso,Scattered clouds.,87,2023-06-13
Cape-Verde,Clear.,76,2023-06-13
Cote-Divoire,Partly sunny.,79,2023-06-13
Gambia,Partly sunny.,91,2023-06-13
Ghana,Scattered clouds.,84,2023-06-13
Guinea,Scattered clouds.,86,2023-06-13
Guinea-Bissau,Partly sunny.,86,2023-06-13
Liberia,Partly sunny.,82,2023-06-13
Mali,Passing clouds.,81,2023-06-13
Mauritania,Sunny.,99,2023-06-13
Niger,Scattered clouds.,91,2023-06-13
Nigeria,Overcast.,76,2023-06-13
Senegal,Sunny.,88,2023-06-13
Sierra-Leone,Partly sunny.,82,2023-06-13
Togo,Passing clouds.,86,2023-06-13
Benin,Scattered clouds.,84,2023-06-14
Burkina-Faso,Partly sunny.,88,2023-06-14
Cape-Verde,Partly sunny.,76,2023-06-14
Cote-Divoire,Partly sunny.,78,2023-06-14
Gambia,Partly sunny.,88,2023-06-14
Ghana,Partly sunny.,82,2023-06-14
Guinea,Light rain. Partly sunny.,81,2023-06-14
Guinea-Bissau,Thunderstorms. Scattered clouds.,81,2023-06-14
Liberia,Partly sunny.,82,2023-06-14
Mali,Scattered clouds.,86,2023-06-14
Mauritania,Sunny.,88,2023-06-14
Niger,Sunny.,91,2023-06-14
Nigeria,Low clouds.,73,2023-06-14
Senegal,Scattered clouds.,82,2023-06-14
Sierra-Leone,Partly sunny.,82,2023-06-14
Togo,Passing clouds.,86,2023-06-14
Benin,Rain. Partly sunny.,79,2023-06-15
Burkina-Faso,Thunderstorms. Overcast.,86,2023-06-15
Cape-Verde,Passing clouds.,74,2023-06-15
Cote-Divoire,Partly sunny.,78,2023-06-15
Gambia,Partly sunny.,84,2023-06-15
Ghana,Partly sunny.,82,2023-06-15
Guinea,Broken clouds.,86,2023-06-15
Guinea-Bissau,Thunderstorms. Partly sunny.,82,2023-06-15
Liberia,Partly sunny.,84,2023-06-15
Mali,Passing clouds.,90,2023-06-15
Mauritania,Sunny.,91,2023-06-15
Niger,Passing clouds.,95,2023-06-15
Nigeria,Overcast.,80,2023-06-15
Senegal,Scattered clouds.,82,2023-06-15
Sierra-Leone,Partly sunny.,82,2023-06-15
Togo,Broken clouds.,84,2023-06-15
Benin,Scattered clouds.,86,2023-06-16
Burkina-Faso,Scattered clouds.,91,2023-06-16
Cape-Verde,Passing clouds.,74,2023-06-16
Cote-Divoire,Partly sunny.,79,2023-06-16
Gambia,Sunny.,88,2023-06-16
Ghana,Scattered clouds.,84,2023-06-16
Guinea,Broken clouds.,84,2023-06-16
Guinea-Bissau,Partly sunny.,86,2023-06-16
Liberia,Partly sunny.,86,2023-06-16
Mali,Passing clouds.,86,2023-06-16
Mauritania,Sunny.,97,2023-06-16
Niger,Passing clouds.,93,2023-06-16
Nigeria,Overcast.,81,2023-06-16
Senegal,Passing clouds.,82,2023-06-16
Sierra-Leone,Partly sunny.,79,2023-06-16
Togo,Passing clouds.,86,2023-06-16
Benin,Scattered clouds.,86,2023-06-17
Burkina-Faso,Passing clouds.,93,2023-06-17
Cape-Verde,Passing clouds.,74,2023-06-17
Cote-Divoire,Overcast.,79,2023-06-17
Gambia,Partly sunny.,90,2023-06-17
Ghana,Scattered clouds.,88,2023-06-17
Guinea,Broken clouds.,84,2023-06-17
Guinea-Bissau,Partly sunny.,86,2023-06-17
Liberia,Partly sunny.,84,2023-06-17
Mali,Scattered clouds.,79,2023-06-17
Mauritania,Sunny.,91,2023-06-17
Niger,Clear.,95,2023-06-17
Nigeria,Overcast.,82,2023-06-17
Senegal,Passing clouds.,86,2023-06-17
Sierra-Leone,Rain. Partly sunny.,81,2023-06-17
Togo,Passing clouds.,86,2023-06-17
Benin,Scattered clouds.,86,2023-06-18
Burkina-Faso,Scattered clouds.,92,2023-06-18
Cape-Verde,Passing clouds.,76,2023-06-18
Cote-Divoire,Passing clouds.,74,2023-06-18
Gambia,Partly sunny.,90,2023-06-18
Ghana,Partly sunny.,86,2023-06-18
Guinea,Broken clouds.,82,2023-06-18
Guinea-Bissau,Scattered clouds.,81,2023-06-18
Liberia,Drizzle. Partly sunny.,79,2023-06-18
Mali,Passing clouds.,86,2023-06-18
Mauritania,Sunny.,91,2023-06-18
Niger,Sunny.,97,2023-06-18
Nigeria,Partly sunny.,75,2023-06-18
Senegal,Sunny.,84,2023-06-18
Sierra-Leone,Partly sunny.,81,2023-06-18
Togo,Scattered clouds.,86,2023-06-18
Benin,Scattered clouds.,82,2023-06-19
Burkina-Faso,Scattered clouds.,88,2023-06-19
Cape-Verde,Passing clouds.,76,2023-06-19
Cote-Divoire,Overcast.,79,2023-06-19
Gambia,Broken clouds.,84,2023-06-19
Ghana,Mostly cloudy.,77,2023-06-19
Guinea,Partly sunny.,82,2023-06-19
Guinea-Bissau,Thunderstorms. Scattered clouds.,81,2023-06-19
Liberia,Partly sunny.,84,2023-06-19
Mali,Passing clouds.,91,2023-06-19
Mauritania,Sunny.,95,2023-06-19
Niger,Thundershowers. Passing clouds.,99,2023-06-19
Nigeria,Low clouds.,75,2023-06-19
Senegal,Scattered clouds.,90,2023-06-19
Sierra-Leone,Partly sunny.,82,2023-06-19
Togo,Scattered clouds.,81,2023-06-19
Benin,Scattered clouds.,84,2023-06-20
Burkina-Faso,Partly sunny.,89,2023-06-20
Cape-Verde,Passing clouds.,76,2023-06-20
Cote-Divoire,Overcast.,76,2023-06-20
Gambia,Partly sunny.,88,2023-06-20
Ghana,Partly sunny.,84,2023-06-20
Guinea,Light rain. Partly sunny.,81,2023-06-20
Guinea-Bissau,Partly sunny.,90,2023-06-20
Liberia,Light rain. Partly sunny.,77,2023-06-20
Mali,Passing clouds.,82,2023-06-20
Mauritania,Sunny.,93,2023-06-20
Niger,Passing clouds.,91,2023-06-20
Nigeria,Low clouds.,79,2023-06-20
Senegal,Passing clouds.,84,2023-06-20
Sierra-Leone,Partly sunny.,84,2023-06-20
Togo,Passing clouds.,82,2023-06-20
Benin,Light rain. Scattered clouds.,81,2023-06-21
Burkina-Faso,Partly sunny.,89,2023-06-21
Cape-Verde,Passing clouds.,75,2023-06-21
Cote-Divoire,Overcast.,78,2023-06-21
Gambia,Scattered clouds.,86,2023-06-21
Ghana,Mostly cloudy.,81,2023-06-21
Guinea,Mostly cloudy.,79,2023-06-21
Guinea-Bissau,Scattered clouds.,88,2023-06-21
Liberia,Partly sunny.,81,2023-06-21
Mali,Passing clouds.,90,2023-06-21
Mauritania,Sunny.,99,2023-06-21
Niger,Sunny.,93,2023-06-21
Nigeria,Overcast.,77,2023-06-21
Senegal,Passing clouds.,84,2023-06-21
Sierra-Leone,Partly sunny.,79,2023-06-21
Togo,Scattered clouds.,84,2023-06-21
Benin,Scattered clouds.,84,2023-06-22
Burkina-Faso,Thunderstorms. Partly sunny.,88,2023-06-22
Cape-Verde,Passing clouds.,75,2023-06-22
Cote-Divoire,Overcast.,78,2023-06-22
Gambia,Broken clouds.,86,2023-06-22
Ghana,Scattered clouds.,81,2023-06-22
Guinea,Partly sunny.,81,2023-06-22
Guinea-Bissau,Passing clouds.,88,2023-06-22
Liberia,Partly sunny.,84,2023-06-22
Mali,Passing clouds.,90,2023-06-22
Mauritania,Clear.,95,2023-06-22
Niger,Passing clouds.,90,2023-06-22
Nigeria,Overcast.,78,2023-06-22
Senegal,Scattered clouds.,86,2023-06-22
Sierra-Leone,Partly sunny.,81,2023-06-22
Togo,Partly sunny.,82,2023-06-22
Benin,Scattered clouds.,82,2023-06-23
Burkina-Faso,Thunderstorms. Partly sunny.,91,2023-06-23
Cape-Verde,Passing clouds.,85,2023-06-23
Cote-Divoire,Overcast.,77,2023-06-23
Gambia,Partly sunny.,88,2023-06-23
Ghana,Broken clouds.,77,2023-06-23
Guinea,Scattered clouds.,82,2023-06-23
Guinea-Bissau,Partly sunny.,90,2023-06-23
Liberia,Partly sunny.,81,2023-06-23
Mali,Passing clouds.,77,2023-06-23
Mauritania,Sunny.,91,2023-06-23
Niger,Clear.,95,2023-06-23
Nigeria,Overcast.,81,2023-06-23
Senegal,Sunny.,86,2023-06-23
Sierra-Leone,Partly sunny.,79,2023-06-23
Togo,Scattered clouds.,84,2023-06-23
Benin,Heavy rain. Partly sunny.,77,2023-06-24
Burkina-Faso,Partly sunny.,88,2023-06-24
Cape-Verde,Passing clouds.,76,2023-06-24
Cote-Divoire,Overcast.,78,2023-06-24
Gambia,Partly sunny.,90,2023-06-24
Ghana,Mostly cloudy.,79,2023-06-24
Guinea,Partly sunny.,86,2023-06-24
Guinea-Bissau,Passing clouds.,84,2023-06-24
Liberia,Partly sunny.,82,2023-06-24
Mali,Passing clouds.,90,2023-06-24
Mauritania,Sunny.,91,2023-06-24
Niger,Passing clouds.,95,2023-06-24
Nigeria,Partly sunny.,81,2023-06-24
Senegal,Passing clouds.,84,2023-06-24
Sierra-Leone,Partly sunny.,84,2023-06-24
Togo,Scattered clouds.,81,2023-06-24
Benin,Scattered clouds.,84,2023-06-25
Burkina-Faso,Overcast.,87,2023-06-25
Cape-Verde,Scattered clouds.,84,2023-06-25
Cote-Divoire,Overcast.,76,2023-06-25
Gambia,Partly sunny.,90,2023-06-25
Ghana,Partly sunny.,81,2023-06-25
Guinea,Broken clouds.,86,2023-06-25
Guinea-Bissau,Partly sunny.,88,2023-06-25
Liberia,Drizzle. Partly sunny.,79,2023-06-25
Mali,Passing clouds.,88,2023-06-25
Mauritania,Sunny.,88,2023-06-25
Niger,Passing clouds.,88,2023-06-25
Nigeria,Low clouds.,74,2023-06-25
Senegal,Scattered clouds.,84,2023-06-25
Sierra-Leone,Partly sunny.,81,2023-06-25
Togo,Broken clouds.,79,2023-06-25
Benin,Scattered clouds.,82,2023-06-26
Burkina-Faso,Overcast.,86,2023-06-26
Cape-Verde,Passing clouds.,75,2023-06-26
Cote-Divoire,Overcast.,75,2023-06-26
Gambia,Scattered clouds.,88,2023-06-26
Ghana,More clouds than sun.,79,2023-06-26
Guinea,Partly sunny.,75,2023-06-26
Guinea-Bissau,Clear.,86,2023-06-26
Liberia,Partly sunny.,79,2023-06-26
Mali,Scattered clouds.,84,2023-06-26
Mauritania,Partly sunny.,82,2023-06-26
Niger,Partly sunny.,91,2023-06-26
Nigeria,Low clouds.,76,2023-06-26
Senegal,Scattered clouds.,82,2023-06-26
Sierra-Leone,Partly sunny.,75,2023-06-26
Togo,Scattered clouds.,82,2023-06-26
Benin,Scattered clouds.,82,2023-06-27
Burkina-Faso,Partly sunny.,88,2023-06-27
Cape-Verde,Scattered clouds.,82,2023-06-27
Cote-Divoire,Overcast.,74,2023-06-27
Gambia,Partly sunny.,91,2023-06-27
Ghana,Passing clouds.,82,2023-06-27
Guinea,Light rain. Mostly cloudy.,79,2023-06-27
Guinea-Bissau,Thunderstorms. Partly sunny.,82,2023-06-27
Liberia,Partly sunny.,82,2023-06-27
Mali,Scattered clouds.,88,2023-06-27
Mauritania,Sunny.,90,2023-06-27
Niger,Passing clouds.,99,2023-06-27
Nigeria,Overcast.,82,2023-06-27
Senegal,Partly sunny.,84,2023-06-27
Sierra-Leone,Partly sunny.,82,2023-06-27
Togo,Passing clouds.,86,2023-06-27
Benin,Scattered clouds.,81,2023-06-28
Burkina-Faso,Thundershowers. Overcast.,81,2023-06-28
Cape-Verde,Passing clouds.,82,2023-06-28
Cote-Divoire,Partly sunny.,77,2023-06-28
Gambia,Partly sunny.,88,2023-06-28
Ghana,Partly sunny.,82,2023-06-28
Guinea,Light rain. Mostly cloudy.,77,2023-06-28
Guinea-Bissau,Scattered clouds.,88,2023-06-28
Liberia,Drizzle. Partly sunny.,79,2023-06-28
Mali,Passing clouds.,82,2023-06-28
Mauritania,Sunny.,90,2023-06-28
Niger,Passing clouds.,91,2023-06-28
Nigeria,Overcast.,79,2023-06-28
Senegal,Partly sunny.,82,2023-06-28
Sierra-Leone,Partly sunny.,79,2023-06-28
Togo,Scattered clouds.,86,2023-06-28
Benin,Scattered clouds.,82,2023-06-29
Burkina-Faso,Overcast.,84,2023-06-29
Cape-Verde,Passing clouds.,77,2023-06-29
Cote-Divoire,Overcast.,75,2023-06-29
Gambia,Thunderstorms. Broken clouds.,82,2023-06-29
Ghana,Passing clouds.,82,2023-06-29
Guinea,Partly sunny.,81,2023-06-29
Guinea-Bissau,Thunderstorms. Partly sunny.,73,2023-06-29
Liberia,Partly sunny.,79,2023-06-29
Mali,Passing clouds.,88,2023-06-29
Mauritania,Sunny.,91,2023-06-29
Niger,Passing clouds.,91,2023-06-29
Nigeria,Overcast.,79,2023-06-29
Senegal,Passing clouds.,88,2023-06-29
Sierra-Leone,Partly sunny.,81,2023-06-29
Togo,Scattered clouds.,84,2023-06-29
Benin,Scattered clouds.,84,2023-06-30
Burkina-Faso,Passing clouds.,87,2023-06-30
Cape-Verde,Passing clouds.,82,2023-06-30
Cote-Divoire,Overcast.,76,2023-06-30
Gambia,Partly sunny.,90,2023-06-30
Ghana,Scattered clouds.,86,2023-06-30
Guinea,Partly sunny.,81,2023-06-30
Guinea-Bissau,Scattered clouds.,88,2023-06-30
Liberia,Partly sunny.,82,2023-06-30
Mali,Passing clouds.,75,2023-06-30
Mauritania,Sunny.,91,2023-06-30
Niger,Passing clouds.,95,2023-06-30
Nigeria,Overcast.,83,2023-06-30
Senegal,Sunny.,88,2023-06-30
Sierra-Leone,Partly sunny.,81,2023-06-30
Togo,Scattered clouds.,86,2023-06-30
Benin,Scattered clouds.,82,2023-07-01
Burkina-Faso,Overcast.,87,2023-07-01
Cape-Verde,Overcast.,85,2023-07-01
Cote-Divoire,Overcast.,77,2023-07-01
Gambia,Broken clouds.,82,2023-07-01
Ghana,Broken clouds.,84,2023-07-01
Guinea,Light rain. Partly sunny.,81,2023-07-01
Guinea-Bissau,Scattered clouds.,88,2023-07-01
Liberia,Partly sunny.,82,2023-07-01
Mali,Partly sunny.,84,2023-07-01
Mauritania,Scattered clouds.,88,2023-07-01
Niger,Sunny.,88,2023-07-01
Nigeria,Overcast.,81,2023-07-01
Senegal,Scattered clouds.,84,2023-07-01
Sierra-Leone,Light rain. Partly sunny.,81,2023-07-01
Togo,Scattered clouds.,82,2023-07-01
Benin,Thunderstorms. Scattered clouds.,79,2023-07-02
Burkina-Faso,Thunderstorms. Overcast.,86,2023-07-02
Cape-Verde,Overcast.,82,2023-07-02
Cote-Divoire,Overcast.,78,2023-07-02
Gambia,Scattered clouds.,84,2023-07-02
Ghana,Scattered clouds.,86,2023-07-02
Guinea,Broken clouds.,81,2023-07-02
Guinea-Bissau,Partly sunny.,88,2023-07-02
Liberia,Partly sunny.,84,2023-07-02
Mali,Passing clouds.,86,2023-07-02
Mauritania,Sunny.,91,2023-07-02
Niger,Passing clouds.,93,2023-07-02
Nigeria,Scattered clouds.,79,2023-07-02
Senegal,Scattered clouds.,84,2023-07-02
Sierra-Leone,Partly sunny.,81,2023-07-02
Togo,Passing clouds.,84,2023-07-02
Benin,Scattered clouds.,84,2023-07-03
Burkina-Faso,Passing clouds.,93,2023-07-03
Cape-Verde,Passing clouds.,73,2023-07-03
Cote-Divoire,Overcast.,75,2023-07-03
Gambia,Broken clouds.,82,2023-07-03
Ghana,Scattered clouds.,82,2023-07-03
Guinea,Partly sunny.,81,2023-07-03
Guinea-Bissau,Partly sunny.,84,2023-07-03
Liberia,Partly sunny.,82,2023-07-03
Mali,Passing clouds.,86,2023-07-03
Mauritania,Sunny.,82,2023-07-03
Niger,Sunny.,93,2023-07-03
Nigeria,Overcast.,81,2023-07-03
Senegal,Passing clouds.,81,2023-07-03
Sierra-Leone,Partly sunny.,77,2023-07-03
Togo,Scattered clouds.,82,2023-07-03
Benin,Scattered clouds.,84,2023-07-04
Burkina-Faso,Scattered clouds.,92,2023-07-04
Cape-Verde,Passing clouds.,76,2023-07-04
Cote-Divoire,Overcast.,76,2023-07-04
Gambia,Broken clouds.,84,2023-07-04
Ghana,Scattered clouds.,84,2023-07-04
Guinea,Scattered clouds.,84,2023-07-04
Guinea-Bissau,Passing clouds.,88,2023-07-04
Liberia,Partly sunny.,82,2023-07-04
Mali,Passing clouds.,90,2023-07-04
Mauritania,Sunny.,91,2023-07-04
Niger,Scattered clouds.,86,2023-07-04
Nigeria,Overcast.,82,2023-07-04
Senegal,Sunny.,88,2023-07-04
Sierra-Leone,Partly sunny.,82,2023-07-04
Togo,Passing clouds.,86,2023-07-04
Benin,Scattered clouds.,82,2023-07-05
Burkina-Faso,Passing clouds.,93,2023-07-05
Cape-Verde,Passing clouds.,79,2023-07-05
Cote-Divoire,Overcast.,77,2023-07-05
Gambia,Passing clouds.,90,2023-07-05
Ghana,Passing clouds.,84,2023-07-05
Guinea,Partly sunny.,82,2023-07-05
Guinea-Bissau,Partly sunny.,88,2023-07-05
Liberia,Partly sunny.,86,2023-07-05
Mali,Passing clouds.,90,2023-07-05
Mauritania,Sunny.,86,2023-07-05
Niger,Passing clouds.,82,2023-07-05
Nigeria,Overcast.,79,2023-07-05
Senegal,Scattered clouds.,88,2023-07-05
Sierra-Leone,Partly sunny.,79,2023-07-05
Togo,Broken clouds.,84,2023-07-05
Benin,Scattered clouds.,86,2023-07-06
Burkina-Faso,Partly sunny.,90,2023-07-06
Cape-Verde,Passing clouds.,78,2023-07-06
Cote-Divoire,Overcast.,80,2023-07-06
Gambia,Broken clouds.,88,2023-07-06
Ghana,Partly sunny.,82,2023-07-06
Guinea,Partly sunny.,82,2023-07-06
Guinea-Bissau,Scattered clouds.,79,2023-07-06
Liberia,Light rain. Low clouds.,73,2023-07-06
Mali,Passing clouds.,86,2023-07-06
Mauritania,Passing clouds.,86,2023-07-06
Niger,Sunny.,93,2023-07-06
Nigeria,Overcast.,84,2023-07-06
Senegal,Passing clouds.,86,2023-07-06
Sierra-Leone,Partly sunny.,79,2023-07-06
Togo,Scattered clouds.,84,2023-07-06
Benin,Partly sunny.,81,2023-07-07
Burkina-Faso,Scattered clouds.,86,2023-07-07
Cape-Verde,Passing clouds.,86,2023-07-07
Cote-Divoire,Overcast.,76,2023-07-07
Gambia,Partly sunny.,91,2023-07-07
Ghana,Scattered clouds.,84,2023-07-07
Guinea,Partly sunny.,82,2023-07-07
Guinea-Bissau,Thunderstorms. Partly sunny.,79,2023-07-07
Liberia,Partly sunny.,81,2023-07-07
Mali,Passing clouds.,90,2023-07-07
Mauritania,Sunny.,93,2023-07-07
Niger,Sunny.,97,2023-07-07
Nigeria,Thunderstorms. Overcast.,77,2023-07-07
Senegal,Scattered clouds.,86,2023-07-07
Sierra-Leone,Partly sunny.,81,2023-07-07
Togo,Partly sunny.,86,2023-07-07
Benin,Scattered clouds.,82,2023-07-08
Burkina-Faso,Overcast.,84,2023-07-08
Cape-Verde,Scattered clouds.,84,2023-07-08
Cote-Divoire,Overcast.,75,2023-07-08
Gambia,Scattered clouds.,90,2023-07-08
Ghana,More clouds than sun.,81,2023-07-08
Guinea,Passing clouds.,86,2023-07-08
Guinea-Bissau,Partly sunny.,86,2023-07-08
Liberia,Partly sunny.,82,2023-07-08
Mali,Passing clouds.,81,2023-07-08
Mauritania,Sunny.,91,2023-07-08
Niger,Sunny.,90,2023-07-08
Nigeria,Light rain. Low clouds.,71,2023-07-08
Senegal,Sunny.,84,2023-07-08
Sierra-Leone,Partly sunny.,82,2023-07-08
Togo,Scattered clouds.,84,2023-07-08
Benin,Thunderstorms. Scattered clouds.,79,2023-07-09
Burkina-Faso,Overcast.,83,2023-07-09
Cape-Verde,Passing clouds.,88,2023-07-09
Cote-Divoire,Overcast.,77,2023-07-09
Gambia,Scattered clouds.,93,2023-07-09
Ghana,Scattered clouds.,82,2023-07-09
Guinea,Scattered clouds.,82,2023-07-09
Guinea-Bissau,Scattered clouds.,90,2023-07-09
Liberia,Thunderstorms. Partly sunny.,77,2023-07-09
Mali,Passing clouds.,86,2023-07-09
Mauritania,Sunny.,90,2023-07-09
Niger,Passing clouds.,93,2023-07-09
Nigeria,Overcast.,78,2023-07-09
Senegal,Partly sunny.,86,2023-07-09
Sierra-Leone,Partly sunny.,79,2023-07-09
Togo,Scattered clouds.,82,2023-07-09
Benin,Scattered clouds.,84,2023-07-10
Burkina-Faso,Thundershowers. Overcast.,79,2023-07-10
Cape-Verde,Passing clouds.,76,2023-07-10
Cote-Divoire,Overcast.,78,2023-07-10
Gambia,Broken clouds.,88,2023-07-10
Ghana,Partly sunny.,82,2023-07-10
Guinea,Scattered clouds.,84,2023-07-10
Guinea-Bissau,Scattered clouds.,84,2023-07-10
Liberia,Partly sunny.,86,2023-07-10
Mali,Passing clouds.,90,2023-07-10
Mauritania,Sunny.,90,2023-07-10
Niger,Sunny.,82,2023-07-10
Nigeria,Overcast.,81,2023-07-10
Senegal,Partly sunny.,86,2023-07-10
Sierra-Leone,Partly sunny.,81,2023-07-10
Togo,Partly sunny.,82,2023-07-10
Benin,Scattered clouds.,84,2023-07-11
Burkina-Faso,Thunderstorms. Partly sunny.,89,2023-07-11
Cape-Verde,Scattered clouds.,83,2023-07-11
Cote-Divoire,Overcast.,78,2023-07-11
Gambia,Broken clouds.,82,2023-07-11
Ghana,Scattered clouds.,82,2023-07-11
Guinea,Broken clouds.,79,2023-07-11
Guinea-Bissau,Partly sunny.,81,2023-07-11
Liberia,Partly sunny.,77,2023-07-11
Mali,Scattered clouds.,84,2023-07-11
Mauritania,Sunny.,90,2023-07-11
Niger,Sunny.,91,2023-07-11
Nigeria,Overcast.,82,2023-07-11
Senegal,Sunny.,84,2023-07-11
Sierra-Leone,Partly sunny.,75,2023-07-11
Togo,Scattered clouds.,84,2023-07-11
Benin,Scattered clouds.,79,2023-07-12
Burkina-Faso,Overcast.,84,2023-07-12
Cape-Verde,Partly sunny.,84,2023-07-12
Cote-Divoire,Overcast.,78,2023-07-12
Gambia,Partly sunny.,88,2023-07-12
Ghana,Light rain. Broken clouds.,79,2023-07-12
Guinea,Partly sunny.,84,2023-07-12
Guinea-Bissau,Partly sunny.,84,2023-07-12
Liberia,Partly sunny.,81,2023-07-12
Mali,Passing clouds.,90,2023-07-12
Mauritania,Sunny.,91,2023-07-12
Niger,Sunny.,90,2023-07-12
Nigeria,Overcast.,79,2023-07-12
Senegal,Scattered clouds.,86,2023-07-12
Sierra-Leone,Rain. Partly sunny.,79,2023-07-12
Togo,Scattered clouds.,73,2023-07-12
Benin,Scattered clouds.,82,2023-07-13
Burkina-Faso,Light rain. Overcast.,80,2023-07-13
Cape-Verde,Passing clouds.,77,2023-07-13
Cote-Divoire,Partly sunny.,77,2023-07-13
Gambia,Partly sunny.,88,2023-07-13
Ghana,Partly sunny.,82,2023-07-13
Guinea,Scattered clouds.,86,2023-07-13
Guinea-Bissau,Partly sunny.,84,2023-07-13
Liberia,Partly sunny.,81,2023-07-13
Mali,Passing clouds.,91,2023-07-13
Mauritania,Sunny.,95,2023-07-13
Niger,Passing clouds.,91,2023-07-13
Nigeria,Overcast.,75,2023-07-13
Senegal,Sunny.,86,2023-07-13
Sierra-Leone,Partly sunny.,81,2023-07-13
Togo,Scattered clouds.,84,2023-07-13
Benin,Scattered clouds.,84,2023-07-14
Burkina-Faso,Overcast.,87,2023-07-14
Cape-Verde,Passing clouds.,78,2023-07-14
Cote-Divoire,Overcast.,77,2023-07-14
Gambia,Broken clouds.,82,2023-07-14
Ghana,Partly sunny.,84,2023-07-14
Guinea,Broken clouds.,79,2023-07-14
Guinea-Bissau,Passing clouds.,81,2023-07-14
Liberia,Light rain. Partly sunny.,77,2023-07-14
Mali,Scattered clouds.,86,2023-07-14
Mauritania,Sunny.,90,2023-07-14
Niger,Passing clouds.,91,2023-07-14
Nigeria,Thunderstorms. Overcast.,76,2023-07-14
Senegal,Scattered clouds.,86,2023-07-14
Sierra-Leone,Partly sunny.,77,2023-07-14
Togo,Scattered clouds.,86,2023-07-14
Benin,Broken clouds.,84,2023-07-15
Burkina-Faso,Sprinkles. Overcast.,85,2023-07-15
Cape-Verde,Passing clouds.,84,2023-07-15
Cote-Divoire,Overcast.,79,2023-07-15
Gambia,Broken clouds.,88,2023-07-15
Ghana,Scattered clouds.,82,2023-07-15
Guinea,Light rain. Partly sunny.,79,2023-07-15
Guinea-Bissau,Partly sunny.,84,2023-07-15
Liberia,Partly sunny.,84,2023-07-15
Mali,Passing clouds.,86,2023-07-15
Mauritania,Scattered clouds.,93,2023-07-15
Niger,Passing clouds.,82,2023-07-15
Nigeria,Overcast.,83,2023-07-15
Senegal,Scattered clouds.,86,2023-07-15
Sierra-Leone,Partly sunny.,81,2023-07-15
Togo,Scattered clouds.,84,2023-07-15
Benin,Scattered clouds.,86,2023-07-16
Burkina-Faso,Overcast.,89,2023-07-16
Cape-Verde,Passing clouds.,79,2023-07-16
Cote-Divoire,Overcast.,78,2023-07-16
Gambia,Broken clouds.,88,2023-07-16
Ghana,Passing clouds.,84,2023-07-16
Guinea,Broken clouds.,84,2023-07-16
Guinea-Bissau,Partly sunny.,88,2023-07-16
Liberia,Partly sunny.,81,2023-07-16
Mali,Scattered clouds.,88,2023-07-16
Mauritania,Partly sunny.,91,2023-07-16
Niger,Passing clouds.,93,2023-07-16
Nigeria,Overcast.,79,2023-07-16
Senegal,Scattered clouds.,88,2023-07-16
Sierra-Leone,Partly sunny.,82,2023-07-16
Togo,Scattered clouds.,84,2023-07-16
Benin,Scattered clouds.,84,2023-07-17
Burkina-Faso,Partly sunny.,86,2023-07-17
Cape-Verde,Passing clouds.,80,2023-07-17
Cote-Divoire,Overcast.,78,2023-07-17
Gambia,Broken clouds.,86,2023-07-17
Ghana,Partly sunny.,84,2023-07-17
Guinea,Partly sunny.,77,2023-07-17
Guinea-Bissau,Scattered clouds.,82,2023-07-17
Liberia,Light rain. Broken clouds.,75,2023-07-17
Mali,Scattered clouds.,86,2023-07-17
Mauritania,Sunny.,88,2023-07-17
Niger,Sunny.,82,2023-07-17
Nigeria,Overcast.,77,2023-07-17
Senegal,Scattered clouds.,84,2023-07-17
Sierra-Leone,Rain. Partly sunny.,77,2023-07-17
Togo,Scattered clouds.,86,2023-07-17
Benin,Scattered clouds.,86,2023-07-18
Burkina-Faso,Overcast.,87,2023-07-18
Cape-Verde,Passing clouds.,78,2023-07-18
Cote-Divoire,Overcast.,76,2023-07-18
Gambia,Broken clouds.,84,2023-07-18
Ghana,Partly sunny.,82,2023-07-18
Guinea,Light rain. Partly sunny.,82,2023-07-18
Guinea-Bissau,Partly sunny.,81,2023-07-18
Liberia,Partly sunny.,82,2023-07-18
Mali,Scattered clouds.,86,2023-07-18
Mauritania,Scattered clouds.,93,2023-07-18
Niger,Sunny.,95,2023-07-18
Nigeria,Overcast.,84,2023-07-18
Senegal,Scattered clouds.,86,2023-07-18
Sierra-Leone,Partly sunny.,75,2023-07-18
Togo,Scattered clouds.,86,2023-07-18
Benin,Scattered clouds.,84,2023-07-19
Burkina-Faso,Light rain. Overcast.,80,2023-07-19
Cape-Verde,Partly sunny.,83,2023-07-19
Cote-Divoire,Fog.,76,2023-07-19
Gambia,Partly sunny.,88,2023-07-19
Ghana,Scattered clouds.,79,2023-07-19
Guinea,Partly sunny.,82,2023-07-19
Guinea-Bissau,Partly sunny.,86,2023-07-19
Liberia,Partly sunny.,82,2023-07-19
Mali,Passing clouds.,91,2023-07-19
Mauritania,Passing clouds.,97,2023-07-19
Niger,Sunny.,93,2023-07-19
Nigeria,Low clouds.,74,2023-07-19
Senegal,Scattered clouds.,88,2023-07-19
Sierra-Leone,Partly sunny.,81,2023-07-19
Togo,Passing clouds.,86,2023-07-19
Benin,Scattered clouds.,84,2023-07-20
Burkina-Faso,Thundershowers. Overcast.,80,2023-07-20
Cape-Verde,Passing clouds.,83,2023-07-20
Cote-Divoire,Overcast.,76,2023-07-20
Gambia,Partly sunny.,79,2023-07-20
Ghana,Partly sunny.,84,2023-07-20
Guinea,Partly sunny.,84,2023-07-20
Guinea-Bissau,Scattered clouds.,81,2023-07-20
Liberia,Drizzle. Partly sunny.,79,2023-07-20
Mali,Passing clouds.,88,2023-07-20
Mauritania,Rain. Partly sunny.,75,2023-07-20
Niger,Sunny.,93,2023-07-20
Nigeria,Overcast.,78,2023-07-20
Senegal,Scattered clouds.,75,2023-07-20
Sierra-Leone,Scattered clouds.,82,2023-07-20
Togo,Scattered clouds.,86,2023-07-20
Benin,Scattered clouds.,81,2023-07-21
Burkina-Faso,Thundershowers. Overcast.,80,2023-07-21
Cape-Verde,Partly sunny.,87,2023-07-21
Cote-Divoire,Overcast.,78,2023-07-21
Gambia,Partly sunny.,91,2023-07-21
Ghana,Broken clouds.,82,2023-07-21
Guinea,Thunderstorms. Mostly cloudy.,79,2023-07-21
Guinea-Bissau,Scattered clouds.,86,2023-07-21
Liberia,Partly sunny.,81,2023-07-21
Mali,Passing clouds.,91,2023-07-21
Mauritania,Scattered clouds.,84,2023-07-21
Niger,Thunderstorms. Passing clouds.,72,2023-07-21
Nigeria,Overcast.,81,2023-07-21
Senegal,Scattered clouds.,86,2023-07-21
Sierra-Leone,Partly sunny.,82,2023-07-21
Togo,Scattered clouds.,84,2023-07-21
Benin,Partly sunny.,79,2023-07-22
Burkina-Faso,Overcast.,86,2023-07-22
Cape-Verde,Passing clouds.,78,2023-07-22
Cote-Divoire,Overcast.,77,2023-07-22
Gambia,Partly sunny.,88,2023-07-22
Ghana,Mostly cloudy.,79,2023-07-22
Guinea,Light rain. Mostly cloudy.,79,2023-07-22
Guinea-Bissau,Thunderstorms. Partly sunny.,86,2023-07-22
Liberia,Light rain. Mostly cloudy.,75,2023-07-22
Mali,Scattered clouds.,86,2023-07-22
Mauritania,Passing clouds.,86,2023-07-22
Niger,Passing clouds.,88,2023-07-22
Nigeria,Low clouds.,74,2023-07-22
Senegal,Scattered clouds.,86,2023-07-22
Sierra-Leone,Partly sunny.,79,2023-07-22
Togo,Partly sunny.,84,2023-07-22
Benin,Scattered clouds.,77,2023-07-23
Burkina-Faso,Overcast.,83,2023-07-23
Cape-Verde,Passing clouds.,78,2023-07-23
Cote-Divoire,Overcast.,77,2023-07-23
Gambia,Partly sunny.,88,2023-07-23
Ghana,Broken clouds.,81,2023-07-23
Guinea,Light rain. Mostly cloudy.,77,2023-07-23
Guinea-Bissau,Scattered clouds.,86,2023-07-23
Liberia,Partly sunny.,82,2023-07-23
Mali,Scattered clouds.,81,2023-07-23
Mauritania,Scattered clouds.,86,2023-07-23
Niger,Passing clouds.,90,2023-07-23
Nigeria,Overcast.,79,2023-07-23
Senegal,Passing clouds.,86,2023-07-23
Sierra-Leone,Partly sunny.,79,2023-07-23
Togo,Scattered clouds.,82,2023-07-23
Benin,Scattered clouds.,81,2023-07-24
Burkina-Faso,Overcast.,83,2023-07-24
Cape-Verde,Partly sunny.,85,2023-07-24
Cote-Divoire,Overcast.,76,2023-07-24
Gambia,Scattered clouds.,84,2023-07-24
Ghana,Scattered clouds.,82,2023-07-24
Guinea,Broken clouds.,81,2023-07-24
Guinea-Bissau,Passing clouds.,86,2023-07-24
Liberia,Partly sunny.,84,2023-07-24
Mali,Scattered clouds.,86,2023-07-24
Mauritania,Sunny.,86,2023-07-24
Niger,Passing clouds.,81,2023-07-24
Nigeria,Low clouds.,76,2023-07-24
Senegal,Scattered clouds.,84,2023-07-24
Sierra-Leone,Partly sunny.,81,2023-07-24
Togo,Scattered clouds.,86,2023-07-24
Benin,Scattered clouds.,84,2023-07-25
Burkina-Faso,Overcast.,87,2023-07-25
Cape-Verde,Partly sunny.,85,2023-07-25
Cote-Divoire,Low clouds.,78,2023-07-25
Gambia,Partly sunny.,86,2023-07-25
Ghana,Broken clouds.,82,2023-07-25
Guinea,Broken clouds.,84,2023-07-25
Guinea-Bissau,Partly sunny.,82,2023-07-25
Liberia,Light rain. Partly sunny.,79,2023-07-25
Mali,Scattered clouds.,86,2023-07-25
Mauritania,Sunny.,93,2023-07-25
Niger,Scattered clouds.,91,2023-07-25
Nigeria,Overcast.,80,2023-07-25
Senegal,Passing clouds.,86,2023-07-25
Sierra-Leone,Light rain. Partly sunny.,77,2023-07-25
Togo,Partly sunny.,82,2023-07-25
Benin,Scattered clouds.,82,2023-07-26
Burkina-Faso,Overcast.,86,2023-07-26
Cape-Verde,Passing clouds.,78,2023-07-26
Cote-Divoire,Overcast.,78,2023-07-26
Gambia,Partly sunny.,86,2023-07-26
Ghana,Partly sunny.,82,2023-07-26
Guinea,Broken clouds.,81,2023-07-26
Guinea-Bissau,Scattered clouds.,86,2023-07-26
Liberia,Partly sunny.,84,2023-07-26
Mali,Scattered clouds.,90,2023-07-26
Mauritania,Sunny.,81,2023-07-26
Niger,Passing clouds.,93,2023-07-26
Nigeria,Overcast.,81,2023-07-26
Senegal,Scattered clouds.,86,2023-07-26
Sierra-Leone,Partly sunny.,79,2023-07-26
Togo,Passing clouds.,84,2023-07-26
Benin,Scattered clouds.,82,2023-07-27
Burkina-Faso,Overcast.,89,2023-07-27
Cape-Verde,Passing clouds.,79,2023-07-27
Cote-Divoire,Overcast.,79,2023-07-27
Gambia,Partly sunny.,90,2023-07-27
Ghana,Broken clouds.,81,2023-07-27
Guinea,Scattered clouds.,88,2023-07-27
Guinea-Bissau,Scattered clouds.,88,2023-07-27
Liberia,Partly sunny.,81,2023-07-27
Mali,Scattered clouds.,90,2023-07-27
Mauritania,Scattered clouds.,84,2023-07-27
Niger,Thunderstorms. Passing clouds.,75,2023-07-27
Nigeria,Overcast.,82,2023-07-27
Senegal,Passing clouds.,88,2023-07-27
Sierra-Leone,Partly sunny.,81,2023-07-27
Togo,Broken clouds.,82,2023-07-27
Benin,Scattered clouds.,84,2023-07-28
Burkina-Faso,Overcast.,87,2023-07-28
Cape-Verde,Passing clouds.,77,2023-07-28
Cote-Divoire,Overcast.,80,2023-07-28
Gambia,Partly sunny.,90,2023-07-28
Ghana,More clouds than sun.,79,2023-07-28
Guinea,Thunderstorms. Mostly cloudy.,79,2023-07-28
Guinea-Bissau,Scattered clouds.,88,2023-07-28
Liberia,Drizzle. Partly sunny.,79,2023-07-28
Mali,Passing clouds.,77,2023-07-28
Mauritania,Passing clouds.,88,2023-07-28
Niger,Passing clouds.,91,2023-07-28
Nigeria,Overcast.,80,2023-07-28
Senegal,Scattered clouds.,86,2023-07-28
Sierra-Leone,Rain. Cloudy.,77,2023-07-28
Togo,Scattered clouds.,82,2023-07-28
Benin,Scattered clouds.,82,2023-07-29
Burkina-Faso,Overcast.,85,2023-07-29
Cape-Verde,Overcast.,77,2023-07-29
Cote-Divoire,Overcast.,77,2023-07-29
Gambia,Partly sunny.,86,2023-07-29
Ghana,Partly sunny.,82,2023-07-29
Guinea,Light rain. Mostly cloudy.,77,2023-07-29
Guinea-Bissau,Light rain. Partly sunny.,77,2023-07-29
Liberia,Drizzle. Partly sunny.,81,2023-07-29
Mali,Partly sunny.,82,2023-07-29
Mauritania,Passing clouds.,91,2023-07-29
Niger,Passing clouds.,86,2023-07-29
Nigeria,Low clouds.,76,2023-07-29
Senegal,Scattered clouds.,90,2023-07-29
Sierra-Leone,Rain. Partly sunny.,75,2023-07-29
Togo,Scattered clouds.,82,2023-07-29
Benin,Scattered clouds.,84,2023-07-30
Burkina-Faso,Partly sunny.,89,2023-07-30
Cape-Verde,Passing clouds.,78,2023-07-30
Cote-Divoire,Overcast.,77,2023-07-30
Gambia,Broken clouds.,84,2023-07-30
Ghana,More clouds than sun.,82,2023-07-30
Guinea,Partly sunny.,81,2023-07-30
Guinea-Bissau,Light rain. Passing clouds.,77,2023-07-30
Liberia,Partly sunny.,82,2023-07-30
Mali,Scattered clouds.,84,2023-07-30
Mauritania,Scattered clouds.,90,2023-07-30
Niger,Passing clouds.,91,2023-07-30
Nigeria,Overcast.,76,2023-07-30
Senegal,Scattered clouds.,84,2023-07-30
Sierra-Leone,Partly sunny.,81,2023-07-30
Togo,Scattered clouds.,82,2023-07-30
Benin,Scattered clouds.,81,2023-07-31
Burkina-Faso,Partly sunny.,89,2023-07-31
Cape-Verde,Partly sunny.,84,2023-07-31
Cote-Divoire,Overcast.,77,2023-07-31
Gambia,Broken clouds.,77,2023-07-31
Ghana,Partly sunny.,79,2023-07-31
Guinea,Broken clouds.,84,2023-07-31
Guinea-Bissau,Scattered clouds.,86,2023-07-31
Liberia,Partly sunny.,82,2023-07-31
Mali,Passing clouds.,86,2023-07-31
Mauritania,Scattered clouds.,86,2023-07-31
Niger,Passing clouds.,95,2023-07-31
Nigeria,Overcast.,81,2023-07-31
Senegal,Scattered clouds.,86,2023-07-31
Sierra-Leone,Partly sunny.,79,2023-07-31
Togo,Scattered clouds.,81,2023-07-31
Benin,Scattered clouds.,81,2023-08-01
Burkina-Faso,Partly sunny.,91,2023-08-01
Cape-Verde,Rain. Overcast.,79,2023-08-01
Cote-Divoire,Overcast.,77,2023-08-01
Gambia,Partly sunny.,91,2023-08-01
Ghana,Partly sunny.,81,2023-08-01
Guinea,Light rain. Partly sunny.,79,2023-08-01
Guinea-Bissau,Partly sunny.,88,2023-08-01
Liberia,Thunderstorms. Mostly cloudy.,75,2023-08-01
Mali,Scattered clouds.,88,2023-08-01
Mauritania,Scattered clouds.,86,2023-08-01
Niger,Passing clouds.,82,2023-08-01
Nigeria,Overcast.,78,2023-08-01
Senegal,Scattered clouds.,86,2023-08-01
Sierra-Leone,Partly sunny.,81,2023-08-01
Togo,Broken clouds.,81,2023-08-01
Benin,Scattered clouds.,82,2023-08-02
Burkina-Faso,Overcast.,89,2023-08-02
Cape-Verde,Scattered clouds.,84,2023-08-02
Cote-Divoire,Overcast.,79,2023-08-02
Gambia,Partly sunny.,86,2023-08-02
Ghana,Rain. Partly sunny.,77,2023-08-02
Guinea,Partly sunny.,82,2023-08-02
Guinea-Bissau,Scattered clouds.,84,2023-08-02
Liberia,Partly sunny.,81,2023-08-02
Mali,Scattered clouds.,75,2023-08-02
Mauritania,Passing clouds.,88,2023-08-02
Niger,Passing clouds.,84,2023-08-02
Nigeria,Overcast.,77,2023-08-02
Senegal,Scattered clouds.,86,2023-08-02
Sierra-Leone,Partly sunny.,82,2023-08-02
Togo,Scattered clouds.,82,2023-08-02
Benin,Scattered clouds.,82,2023-08-03
Burkina-Faso,Scattered clouds.,92,2023-08-03
Cape-Verde,Passing clouds.,77,2023-08-03
Cote-Divoire,Overcast.,76,2023-08-03
Gambia,Scattered clouds.,88,2023-08-03
Ghana,Mostly cloudy.,81,2023-08-03
Guinea,Broken clouds.,82,2023-08-03
Guinea-Bissau,Partly sunny.,84,2023-08-03
Liberia,Drizzle. Partly sunny.,79,2023-08-03
Mali,Scattered clouds.,81,2023-08-03
Mauritania,Passing clouds.,90,2023-08-03
Niger,Scattered clouds.,88,2023-08-03
Nigeria,Partly sunny.,81,2023-08-03
Senegal,Scattered clouds.,88,2023-08-03
Sierra-Leone,Partly sunny.,77,2023-08-03
Togo,Partly sunny.,82,2023-08-03
Benin,Partly sunny.,82,2023-08-04
Burkina-Faso,Scattered clouds.,87,2023-08-04
Cape-Verde,Overcast.,79,2023-08-04
Cote-Divoire,Overcast.,78,2023-08-04
Gambia,Partly sunny.,90,2023-08-04
Ghana,Partly sunny.,81,2023-08-04
Guinea,Partly sunny.,82,2023-08-04
Guinea-Bissau,Scattered clouds.,81,2023-08-04
Liberia,Partly sunny.,82,2023-08-04
Mali,Scattered clouds.,88,2023-08-04
Mauritania,Sunny.,93,2023-08-04
Niger,Thunderstorms. Scattered clouds.,82,2023-08-04
Nigeria,Partly sunny.,82,2023-08-04
Senegal,Passing clouds.,86,2023-08-04
Sierra-Leone,Partly sunny.,79,2023-08-04
Togo,Broken clouds.,81,2023-08-04
Benin,Scattered clouds.,82,2023-08-05
Burkina-Faso,Passing clouds.,91,2023-08-05
Cape-Verde,Passing clouds.,79,2023-08-05
Cote-Divoire,Overcast.,78,2023-08-05
Gambia,Partly sunny.,88,2023-08-05
Ghana,Mostly cloudy.,81,2023-08-05
Guinea,Partly sunny.,82,2023-08-05
Guinea-Bissau,Partly sunny.,88,2023-08-05
Liberia,Partly sunny.,81,2023-08-05
Mali,Passing clouds.,84,2023-08-05
Mauritania,Sunny.,90,2023-08-05
Niger,Thunderstorms. Passing clouds.,75,2023-08-05
Nigeria,Overcast.,78,2023-08-05
Senegal,Scattered clouds.,86,2023-08-05
Sierra-Leone,Partly sunny.,82,2023-08-05
Togo,Broken clouds.,82,2023-08-05
Benin,Scattered clouds.,82,2023-08-06
Burkina-Faso,Scattered clouds.,94,2023-08-06
Cape-Verde,Passing clouds.,78,2023-08-06
Cote-Divoire,Overcast.,76,2023-08-06
Gambia,Partly sunny.,88,2023-08-06
Ghana,More clouds than sun.,81,2023-08-06
Guinea,Light rain. Mostly cloudy.,79,2023-08-06
Guinea-Bissau,Partly sunny.,82,2023-08-06
Liberia,Drizzle. Partly sunny.,77,2023-08-06
Mali,Passing clouds.,82,2023-08-06
Mauritania,Sunny.,91,2023-08-06
Niger,Passing clouds.,81,2023-08-06
Nigeria,Low clouds.,73,2023-08-06
Senegal,Sunny.,88,2023-08-06
Sierra-Leone,Partly sunny.,77,2023-08-06
Togo,Scattered clouds.,84,2023-08-06
Benin,Partly sunny.,79,2023-08-07
Burkina-Faso,Sprinkles. Overcast.,85,2023-08-07
Cape-Verde,Overcast.,78,2023-08-07
Cote-Divoire,Overcast.,77,2023-08-07
Gambia,Broken clouds.,86,2023-08-07
Ghana,Partly sunny.,81,2023-08-07
Guinea,Mostly cloudy.,81,2023-08-07
Guinea-Bissau,Scattered clouds.,86,2023-08-07
Liberia,Partly sunny.,81,2023-08-07
Mali,Passing clouds.,82,2023-08-07
Mauritania,Sunny.,88,2023-08-07
Niger,Scattered clouds.,82,2023-08-07
Nigeria,Overcast.,80,2023-08-07
Senegal,Scattered clouds.,84,2023-08-07
Sierra-Leone,Mostly cloudy.,81,2023-08-07
Togo,Partly sunny.,84,2023-08-07
Benin,Scattered clouds.,81,2023-08-08
Burkina-Faso,Passing clouds.,87,2023-08-08
Cape-Verde,Passing clouds.,78,2023-08-08
Cote-Divoire,Light rain. Overcast.,74,2023-08-08
Gambia,Partly sunny.,84,2023-08-08
Ghana,Mostly cloudy.,81,2023-08-08
Guinea,Partly sunny.,84,2023-08-08
Guinea-Bissau,Partly sunny.,88,2023-08-08
Liberia,Partly sunny.,82,2023-08-08
Mali,Passing clouds.,82,2023-08-08
Mauritania,Sunny.,86,2023-08-08
Niger,Passing clouds.,84,2023-08-08
Nigeria,Overcast.,78,2023-08-08
Senegal,Partly sunny.,84,2023-08-08
Sierra-Leone,Light rain. Partly sunny.,79,2023-08-08
Togo,Scattered clouds.,82,2023-08-08
Benin,Scattered clouds.,82,2023-08-09
Burkina-Faso,Scattered clouds.,88,2023-08-09
Cape-Verde,Passing clouds.,79,2023-08-09
Cote-Divoire,Overcast.,76,2023-08-09
Gambia,Partly sunny.,90,2023-08-09
Ghana,Broken clouds.,79,2023-08-09
Guinea,Partly sunny.,81,2023-08-09
Guinea-Bissau,Partly sunny.,86,2023-08-09
Liberia,Rain. Broken clouds.,77,2023-08-09
Mali,Scattered clouds.,88,2023-08-09
Mauritania,Sunny.,90,2023-08-09
Niger,Thunderstorms. Partly sunny.,81,2023-08-09
Nigeria,Overcast.,78,2023-08-09
Senegal,Partly sunny.,84,2023-08-09
Sierra-Leone,Partly sunny.,79,2023-08-09
Togo,Scattered clouds.,82,2023-08-09
Benin,Broken clouds.,81,2023-08-10
Burkina-Faso,Partly sunny.,88,2023-08-10
Cape-Verde,Passing clouds.,77,2023-08-10
Cote-Divoire,Overcast.,74,2023-08-10
Gambia,Scattered clouds.,90,2023-08-10
Ghana,Partly sunny.,79,2023-08-10
Guinea,Light rain. Mostly cloudy.,82,2023-08-10
Guinea-Bissau,Scattered clouds.,86,2023-08-10
Liberia,Drizzle. Partly sunny.,75,2023-08-10
Mali,Partly sunny.,84,2023-08-10
Mauritania,Passing clouds.,88,2023-08-10
Niger,Partly sunny.,84,2023-08-10
Nigeria,Overcast.,78,2023-08-10
Senegal,Partly sunny.,86,2023-08-10
Sierra-Leone,Light rain. Mostly cloudy.,82,2023-08-10
Togo,Scattered clouds.,81,2023-08-10
Benin,Scattered clouds.,79,2023-08-11
Burkina-Faso,Partly sunny.,88,2023-08-11
Cape-Verde,Passing clouds.,77,2023-08-11
Cote-Divoire,Fog.,74,2023-08-11
Gambia,Partly sunny.,88,2023-08-11
Ghana,Passing clouds.,81,2023-08-11
Guinea,Rain. Mostly cloudy.,75,2023-08-11
Guinea-Bissau,Partly sunny.,86,2023-08-11
Liberia,Light rain. Partly sunny.,77,2023-08-11
Mali,Broken clouds.,79,2023-08-11
Mauritania,Sunny.,88,2023-08-11
Niger,Scattered clouds.,84,2023-08-11
Nigeria,Thundershowers. Overcast.,76,2023-08-11
Senegal,Passing clouds.,84,2023-08-11
Sierra-Leone,Rain. Mostly cloudy.,75,2023-08-11
Togo,Scattered clouds.,81,2023-08-11
Benin,Partly sunny.,81,2023-08-12
Burkina-Faso,Partly sunny.,87,2023-08-12
Cape-Verde,Passing clouds.,77,2023-08-12
Cote-Divoire,Partly sunny.,77,2023-08-12
Gambia,Broken clouds.,84,2023-08-12
Ghana,Partly sunny.,79,2023-08-12
Guinea,Mostly cloudy.,79,2023-08-12
Guinea-Bissau,Light rain. Partly sunny.,79,2023-08-12
Liberia,Drizzle. Partly sunny.,77,2023-08-12
Mali,Passing clouds.,84,2023-08-12
Mauritania,Scattered clouds.,91,2023-08-12
Niger,Scattered clouds.,90,2023-08-12
Nigeria,Low clouds.,74,2023-08-12
Senegal,Partly sunny.,81,2023-08-12
Sierra-Leone,Rain. Partly sunny.,75,2023-08-12
Togo,Scattered clouds.,81,2023-08-12
Benin,Scattered clouds.,82,2023-08-13
Burkina-Faso,Partly sunny.,88,2023-08-13
Cape-Verde,Passing clouds.,79,2023-08-13
Cote-Divoire,Overcast.,75,2023-08-13
Gambia,Partly sunny.,90,2023-08-13
Ghana,Partly sunny.,82,2023-08-13
Guinea,Broken clouds.,82,2023-08-13
Guinea-Bissau,Partly sunny.,84,2023-08-13
Liberia,Drizzle. Partly sunny.,77,2023-08-13
Mali,Scattered clouds.,77,2023-08-13
Mauritania,Sunny.,90,2023-08-13
Niger,Passing clouds.,90,2023-08-13
Nigeria,Light rain. Low clouds.,76,2023-08-13
Senegal,Passing clouds.,86,2023-08-13
Sierra-Leone,Partly sunny.,81,2023-08-13
Togo,Scattered clouds.,84,2023-08-13
Benin,Broken clouds.,77,2023-08-14
Burkina-Faso,Scattered clouds.,88,2023-08-14
Cape-Verde,Passing clouds.,79,2023-08-14
Cote-Divoire,Overcast.,75,2023-08-14
Gambia,Broken clouds.,88,2023-08-14
Ghana,Passing clouds.,81,2023-08-14
Guinea,Rain. Mostly cloudy.,79,2023-08-14
Guinea-Bissau,Scattered clouds.,82,2023-08-14
Liberia,Drizzle. Partly sunny.,77,2023-08-14
Mali,Light rain. Scattered clouds.,81,2023-08-14
Mauritania,Sunny.,93,2023-08-14
Niger,Light rain. Partly sunny.,81,2023-08-14
Nigeria,Partly sunny.,79,2023-08-14
Senegal,Scattered clouds.,86,2023-08-14
Sierra-Leone,Partly sunny.,79,2023-08-14
Togo,Scattered clouds.,79,2023-08-14
Benin,Passing clouds.,77,2023-08-15
Burkina-Faso,Passing clouds.,84,2023-08-15
Cape-Verde,Partly sunny.,84,2023-08-15
Cote-Divoire,Overcast.,78,2023-08-15
Gambia,Broken clouds.,81,2023-08-15
Ghana,Passing clouds.,79,2023-08-15
Guinea,Light rain. Mostly cloudy.,79,2023-08-15
Guinea-Bissau,Thunderstorms. Partly sunny.,77,2023-08-15
Liberia,Partly sunny.,79,2023-08-15
Mali,Passing clouds.,84,2023-08-15
Mauritania,Passing clouds.,97,2023-08-15
Niger,Thunderstorms. Passing clouds.,84,2023-08-15
Nigeria,Overcast.,87,2023-08-15
Senegal,Sunny.,86,2023-08-15
Sierra-Leone,Light rain. Mostly cloudy.,79,2023-08-15
Togo,Passing clouds.,79,2023-08-15
Benin,Scattered clouds.,84,2023-08-17
Burkina-Faso,Scattered clouds.,87,2023-08-17
Cape-Verde,Overcast.,79,2023-08-17
Cote-Divoire,Partly sunny.,80,2023-08-17
Gambia,Partly sunny.,86,2023-08-17
Ghana,Partly sunny.,77,2023-08-17
Guinea,Broken clouds.,82,2023-08-17
Guinea-Bissau,Partly sunny.,84,2023-08-17
Liberia,Partly sunny.,84,2023-08-17
Mali,Scattered clouds.,86,2023-08-17
Mauritania,Partly sunny.,84,2023-08-17
Niger,Passing clouds.,84,2023-08-17
Nigeria,Overcast.,79,2023-08-17
Senegal,Scattered clouds.,86,2023-08-17
Sierra-Leone,Partly sunny.,81,2023-08-17
Togo,Scattered clouds.,82,2023-08-17
Benin,Passing clouds.,79,2023-08-17
Burkina-Faso,Passing clouds.,82,2023-08-17
Cape-Verde,Partly sunny.,83,2023-08-17
Cote-Divoire,Overcast.,87,2023-08-17
Gambia,Partly cloudy.,82,2023-08-17
Ghana,Passing clouds.,77,2023-08-17
Guinea,Passing clouds.,84,2023-08-17
Guinea-Bissau,Passing clouds.,81,2023-08-17
Liberia,Passing clouds.,79,2023-08-17
Mali,Thunderstorms. Passing clouds.,82,2023-08-17
Mauritania,Broken clouds.,88,2023-08-17
Niger,Clear.,75,2023-08-17
Nigeria,Thunderstorms. Passing clouds.,72,2023-08-17
Senegal,Passing clouds.,84,2023-08-17
Sierra-Leone,Passing clouds.,79,2023-08-17
Togo,Passing clouds.,77,2023-08-17
Benin,Partly sunny.,79,2023-08-18
Burkina-Faso,Overcast.,86,2023-08-18
Cape-Verde,Passing clouds.,80,2023-08-18
Cote-Divoire,Partly sunny.,78,2023-08-18
Gambia,Broken clouds.,84,2023-08-18
Ghana,Light rain. Partly sunny.,77,2023-08-18
Guinea,Partly sunny.,79,2023-08-18
Guinea-Bissau,Partly sunny.,88,2023-08-18
Liberia,Light rain. Partly sunny.,77,2023-08-18
Mali,Scattered clouds.,86,2023-08-18
Mauritania,Scattered clouds.,84,2023-08-18
Niger,Sunny.,86,2023-08-18
Nigeria,Overcast.,75,2023-08-18
Senegal,Scattered clouds.,84,2023-08-18
Sierra-Leone,Light rain. Partly sunny.,75,2023-08-18
Togo,Light rain. Broken clouds.,79,2023-08-18
Benin,Broken clouds.,81,2023-08-19
Burkina-Faso,Partly sunny.,86,2023-08-19
Cape-Verde,Passing clouds.,78,2023-08-19
Cote-Divoire,Overcast.,78,2023-08-19
Gambia,Warm.,77,2023-08-19
Ghana,More clouds than sun.,77,2023-08-19
Guinea,Light rain. Partly sunny.,79,2023-08-19
Guinea-Bissau,Partly sunny.,84,2023-08-19
Liberia,Partly sunny.,79,2023-08-19
Mali,Partly sunny.,81,2023-08-19
Mauritania,Sunny.,86,2023-08-19
Niger,Passing clouds.,90,2023-08-19
Nigeria,Overcast.,77,2023-08-19
Senegal,Scattered clouds.,84,2023-08-19
Sierra-Leone,Light rain. Partly sunny.,77,2023-08-19
Togo,Partly sunny.,82,2023-08-19
Benin,Passing clouds.,82,2023-08-20
Burkina-Faso,Partly sunny.,87,2023-08-20
Cape-Verde,Passing clouds.,77,2023-08-20
Cote-Divoire,Overcast.,77,2023-08-20
Gambia,Broken clouds.,84,2023-08-20
Ghana,Partly sunny.,81,2023-08-20
Guinea,Partly sunny.,81,2023-08-20
Guinea-Bissau,Light rain. Partly sunny.,81,2023-08-20
Liberia,Partly sunny.,82,2023-08-20
Mali,Scattered clouds.,86,2023-08-20
Mauritania,Sunny.,90,2023-08-20
Niger,Sunny.,86,2023-08-20
Nigeria,Low clouds.,76,2023-08-20
Senegal,Partly sunny.,84,2023-08-20
Sierra-Leone,Partly sunny.,75,2023-08-20
Togo,Scattered clouds.,82,2023-08-20
Benin,Scattered clouds.,84,2023-08-21
Burkina-Faso,Passing clouds.,87,2023-08-21
Cape-Verde,Overcast.,77,2023-08-21
Cote-Divoire,Low clouds.,76,2023-08-21
Gambia,Partly sunny.,88,2023-08-21
Ghana,Overcast.,75,2023-08-21
Guinea,Thunderstorms. Partly sunny.,77,2023-08-21
Guinea-Bissau,Partly sunny.,86,2023-08-21
Liberia,Partly sunny.,82,2023-08-21
Mali,Passing clouds.,88,2023-08-21
Mauritania,Broken clouds.,90,2023-08-21
Niger,Sunny.,84,2023-08-21
Nigeria,Overcast.,74,2023-08-21
Senegal,Scattered clouds.,86,2023-08-21
Sierra-Leone,Thunderstorms. Partly sunny.,77,2023-08-21
Togo,Passing clouds.,84,2023-08-21
Benin,Scattered clouds.,84,2023-08-22
Burkina-Faso,Scattered clouds.,85,2023-08-22
Cape-Verde,Passing clouds.,79,2023-08-22
Cote-Divoire,Overcast.,76,2023-08-22
Gambia,Partly sunny.,88,2023-08-22
Ghana,Broken clouds.,84,2023-08-22
Guinea,Passing clouds.,78,2023-08-22
Guinea-Bissau,Partly sunny.,86,2023-08-22
Liberia,Fog.,73,2023-08-22
Mali,Passing clouds.,84,2023-08-22
Mauritania,Sunny.,93,2023-08-22
Niger,Passing clouds.,91,2023-08-22
Nigeria,Overcast.,84,2023-08-22
Senegal,Partly sunny.,86,2023-08-22
Sierra-Leone,Partly sunny.,77,2023-08-22
Togo,Scattered clouds.,82,2023-08-22
